order_line_id|order_id|product_id|quantity|unit_price|discount_pct|line_total
1|1|26|2|543.50|5.00|1032.65
2|2|28|8|579.00|0.00|4632.00
3|2|4|10|147.00|0.00|1470.00
4|3|18|7|399.50|0.00|2796.50
5|3|33|2|669.25|5.00|1271.58
6|3|36|2|723.00|5.00|1373.70
7|3|13|4|309.25|15.00|1051.45
8|3|21|9|453.25|0.00|4079.25
9|4|17|8|381.25|0.00|3050.00
10|4|25|9|525.25|0.00|4727.25
11|4|9|10|237.25|0.00|2372.50
12|4|11|1|273.75|0.00|273.75
13|5|31|6|633.75|0.00|3802.50
14|5|7|11|201.75|0.00|2219.25
15|5|5|9|165.25|0.00|1487.25
16|6|29|8|597.25|0.00|4778.00
17|6|33|7|669.25|0.00|4684.75
18|6|34|1|687.50|0.00|687.50
19|6|40|10|795.00|10.00|7155.00
20|7|15|4|345.75|0.00|1383.00
21|7|28|4|579.00|0.00|2316.00
22|7|10|9|255.50|0.00|2299.50
23|7|1|5|93.25|0.00|466.25
24|7|31|12|633.75|0.00|7605.00
25|8|25|7|525.25|0.00|3676.75
26|8|4|9|147.00|0.00|1323.00
27|8|11|2|273.75|0.00|547.50
28|8|10|11|255.50|0.00|2810.50
29|8|32|7|651.00|5.00|4329.15
30|9|15|8|345.75|0.00|2766.00
31|10|1|12|93.25|0.00|1119.00
32|11|16|11|363.00|0.00|3993.00
33|12|36|8|723.00|0.00|5784.00
34|12|4|1|147.00|0.00|147.00
35|13|30|2|615.50|0.00|1231.00
36|13|17|8|381.25|15.00|2592.50
37|13|39|2|777.75|15.00|1322.18
38|14|32|2|651.00|10.00|1171.80
39|14|1|12|93.25|0.00|1119.00
40|14|4|7|147.00|0.00|1029.00
41|15|36|9|723.00|0.00|6507.00
42|15|24|7|507.00|0.00|3549.00
43|15|19|7|417.75|5.00|2778.04
44|15|34|12|687.50|0.00|8250.00
45|16|39|9|777.75|5.00|6649.76
46|16|3|12|129.75|0.00|1557.00
47|16|18|11|399.50|0.00|4394.50
48|16|36|6|723.00|10.00|3904.20
49|16|40|12|795.00|0.00|9540.00
50|17|33|8|669.25|10.00|4818.60
51|18|39|11|777.75|0.00|8555.25
52|18|5|11|165.25|0.00|1817.75
53|18|15|10|345.75|0.00|3457.50
54|19|38|12|759.50|5.00|8658.30
55|19|14|3|327.50|0.00|982.50
56|19|17|8|381.25|15.00|2592.50
57|19|21|4|453.25|5.00|1722.35
58|19|15|11|345.75|0.00|3803.25
59|20|25|10|525.25|10.00|4727.25
60|20|36|12|723.00|5.00|8242.20
61|21|10|1|255.50|0.00|255.50
62|21|37|5|741.25|0.00|3706.25
63|21|29|7|597.25|0.00|4180.75
64|22|11|4|273.75|0.00|1095.00
65|22|17|7|381.25|0.00|2668.75
66|22|35|9|705.75|10.00|5716.58
67|22|2|1|111.50|0.00|111.50
68|23|33|11|669.25|0.00|7361.75
69|23|20|2|435.00|5.00|826.50
70|23|10|10|255.50|0.00|2555.00
71|24|7|8|201.75|0.00|1614.00
72|25|11|2|273.75|0.00|547.50
73|25|14|1|327.50|10.00|294.75
74|25|26|8|543.50|0.00|4348.00
75|25|6|10|183.50|15.00|1559.75
76|26|17|5|381.25|15.00|1620.31
77|26|17|4|381.25|5.00|1448.75
78|27|12|5|291.00|0.00|1455.00
79|27|29|2|597.25|0.00|1194.50
80|27|21|10|453.25|10.00|4079.25
81|27|7|11|201.75|0.00|2219.25
82|27|8|2|219.00|10.00|394.20
83|28|8|12|219.00|0.00|2628.00
84|28|32|6|651.00|0.00|3906.00
85|28|1|4|93.25|15.00|317.05
86|28|27|1|561.75|10.00|505.58
87|29|28|11|579.00|0.00|6369.00
88|29|1|2|93.25|10.00|167.85
89|29|4|5|147.00|0.00|735.00
90|29|17|7|381.25|15.00|2268.44
91|29|16|12|363.00|0.00|4356.00
92|30|25|10|525.25|15.00|4464.63
93|30|30|1|615.50|0.00|615.50
94|31|7|7|201.75|15.00|1200.41
95|32|7|5|201.75|0.00|1008.75
96|33|25|7|525.25|15.00|3125.24
97|33|35|5|705.75|5.00|3352.31
98|33|11|7|273.75|5.00|1820.44
99|33|6|5|183.50|5.00|871.63
100|34|25|2|525.25|10.00|945.45
101|34|9|12|237.25|5.00|2704.65
102|35|10|11|255.50|10.00|2529.45
103|35|17|10|381.25|15.00|3240.63
104|35|14|7|327.50|0.00|2292.50
105|35|21|1|453.25|0.00|453.25
106|35|39|1|777.75|0.00|777.75
107|36|2|5|111.50|0.00|557.50
108|36|4|2|147.00|5.00|279.30
109|36|37|11|741.25|0.00|8153.75
110|37|4|5|147.00|0.00|735.00
111|38|14|3|327.50|0.00|982.50
112|39|4|11|147.00|5.00|1536.15
113|39|6|9|183.50|15.00|1403.78
114|39|9|12|237.25|0.00|2847.00
115|40|26|9|543.50|10.00|4402.35
116|40|35|5|705.75|15.00|2999.44
117|40|28|11|579.00|15.00|5413.65
118|40|9|4|237.25|5.00|901.55
119|41|12|1|291.00|0.00|291.00
120|41|39|6|777.75|0.00|4666.50
121|41|29|4|597.25|0.00|2389.00
122|42|30|11|615.50|0.00|6770.50
123|42|40|12|795.00|0.00|9540.00
124|42|34|9|687.50|0.00|6187.50
125|42|34|2|687.50|10.00|1237.50
126|42|26|12|543.50|15.00|5543.70
127|43|40|4|795.00|0.00|3180.00
128|44|5|3|165.25|15.00|421.39
129|44|17|4|381.25|10.00|1372.50
130|44|33|11|669.25|0.00|7361.75
131|44|28|3|579.00|0.00|1737.00
132|45|36|5|723.00|5.00|3434.25
133|46|20|5|435.00|5.00|2066.25
134|46|38|10|759.50|15.00|6455.75
135|46|32|3|651.00|5.00|1855.35
136|46|1|9|93.25|0.00|839.25
137|46|19|5|417.75|0.00|2088.75
138|47|20|8|435.00|0.00|3480.00
139|47|15|10|345.75|0.00|3457.50
140|47|9|3|237.25|0.00|711.75
141|48|7|1|201.75|0.00|201.75
142|48|27|11|561.75|15.00|5252.36
143|48|19|6|417.75|0.00|2506.50
144|48|5|7|165.25|0.00|1156.75
145|48|20|5|435.00|0.00|2175.00
146|49|37|2|741.25|10.00|1334.25
147|49|28|10|579.00|10.00|5211.00
148|49|24|7|507.00|15.00|3016.65
149|49|27|9|561.75|10.00|4550.18
150|50|31|7|633.75|0.00|4436.25
151|50|11|12|273.75|10.00|2956.50
152|50|14|3|327.50|0.00|982.50
153|50|25|6|525.25|0.00|3151.50
154|50|36|9|723.00|0.00|6507.00
155|51|28|4|579.00|15.00|1968.60
156|51|20|6|435.00|0.00|2610.00
157|51|17|2|381.25|5.00|724.38
158|52|12|12|291.00|15.00|2968.20
159|52|5|1|165.25|0.00|165.25
160|52|23|6|489.75|10.00|2644.65
161|53|9|12|237.25|0.00|2847.00
162|53|1|7|93.25|5.00|620.11
163|54|15|6|345.75|0.00|2074.50
164|54|6|5|183.50|0.00|917.50
165|55|8|12|219.00|10.00|2365.20
166|55|6|1|183.50|5.00|174.33
167|55|19|4|417.75|10.00|1503.90
168|55|7|10|201.75|0.00|2017.50
169|56|16|7|363.00|15.00|2159.85
170|57|27|4|561.75|15.00|1909.95
171|57|15|4|345.75|0.00|1383.00
172|57|3|8|129.75|0.00|1038.00
173|58|20|12|435.00|15.00|4437.00
174|58|31|5|633.75|0.00|3168.75
175|59|12|7|291.00|5.00|1935.15
176|60|20|5|435.00|5.00|2066.25
177|60|22|9|471.50|0.00|4243.50
178|61|39|11|777.75|0.00|8555.25
179|61|8|9|219.00|15.00|1675.35
180|61|23|7|489.75|15.00|2914.01
181|61|6|8|183.50|0.00|1468.00
182|62|3|9|129.75|0.00|1167.75
183|62|14|3|327.50|0.00|982.50
184|63|32|6|651.00|0.00|3906.00
185|63|18|5|399.50|0.00|1997.50
186|64|3|3|129.75|5.00|369.79
187|65|11|12|273.75|0.00|3285.00
188|66|21|7|453.25|0.00|3172.75
189|66|7|8|201.75|5.00|1533.30
190|67|8|7|219.00|5.00|1456.35
191|67|21|7|453.25|0.00|3172.75
192|67|32|4|651.00|0.00|2604.00
193|67|25|9|525.25|15.00|4018.16
194|67|32|10|651.00|10.00|5859.00
195|68|5|10|165.25|0.00|1652.50
196|69|29|12|597.25|0.00|7167.00
197|69|40|1|795.00|15.00|675.75
198|69|10|9|255.50|5.00|2184.53
199|69|19|12|417.75|0.00|5013.00
200|70|7|7|201.75|0.00|1412.25
201|70|36|4|723.00|15.00|2458.20
202|70|19|6|417.75|10.00|2255.85
203|70|2|10|111.50|15.00|947.75
204|70|35|9|705.75|5.00|6034.16
205|71|24|5|507.00|5.00|2408.25
206|71|9|4|237.25|10.00|854.10
207|71|14|6|327.50|0.00|1965.00
208|72|23|9|489.75|0.00|4407.75
209|72|35|8|705.75|15.00|4799.10
210|72|16|3|363.00|0.00|1089.00
211|72|24|4|507.00|10.00|1825.20
212|72|3|4|129.75|0.00|519.00
213|73|16|10|363.00|0.00|3630.00
214|73|23|4|489.75|0.00|1959.00
215|73|39|5|777.75|0.00|3888.75
216|73|30|3|615.50|10.00|1661.85
217|74|40|9|795.00|5.00|6797.25
218|74|36|12|723.00|5.00|8242.20
219|74|12|7|291.00|0.00|2037.00
220|74|30|10|615.50|0.00|6155.00
221|74|33|7|669.25|0.00|4684.75
222|75|26|3|543.50|15.00|1385.93
223|75|37|7|741.25|5.00|4929.31
224|75|34|4|687.50|0.00|2750.00
225|75|17|3|381.25|0.00|1143.75
226|75|21|6|453.25|0.00|2719.50
227|76|5|11|165.25|0.00|1817.75
228|76|39|5|777.75|15.00|3305.44
229|77|3|9|129.75|0.00|1167.75
230|77|17|7|381.25|0.00|2668.75
231|77|35|7|705.75|5.00|4693.24
232|78|33|1|669.25|0.00|669.25
233|78|33|9|669.25|0.00|6023.25
234|78|10|5|255.50|0.00|1277.50
235|79|21|12|453.25|15.00|4623.15
236|79|21|4|453.25|10.00|1631.70
237|79|34|5|687.50|15.00|2921.88
238|79|16|8|363.00|0.00|2904.00
239|79|10|1|255.50|5.00|242.73
240|80|6|8|183.50|10.00|1321.20
241|80|40|10|795.00|10.00|7155.00
242|80|6|9|183.50|5.00|1568.93
243|81|36|11|723.00|10.00|7157.70
244|81|26|6|543.50|0.00|3261.00
245|81|30|5|615.50|15.00|2615.88
246|81|4|8|147.00|10.00|1058.40
247|81|3|11|129.75|0.00|1427.25
248|82|39|7|777.75|15.00|4627.61
249|82|1|8|93.25|15.00|634.10
250|83|4|5|147.00|0.00|735.00
251|83|35|8|705.75|0.00|5646.00
252|83|8|1|219.00|0.00|219.00
253|84|9|6|237.25|0.00|1423.50
254|84|40|4|795.00|15.00|2703.00
255|84|9|12|237.25|0.00|2847.00
256|84|29|9|597.25|5.00|5106.49
257|84|8|1|219.00|0.00|219.00
258|85|28|5|579.00|15.00|2460.75
259|85|7|6|201.75|5.00|1149.98
260|85|26|12|543.50|10.00|5869.80
261|86|20|5|435.00|0.00|2175.00
262|86|32|6|651.00|15.00|3320.10
263|86|19|4|417.75|0.00|1671.00
264|86|1|2|93.25|0.00|186.50
265|86|9|1|237.25|0.00|237.25
266|87|1|12|93.25|10.00|1007.10
267|87|3|3|129.75|15.00|330.86
268|88|11|3|273.75|0.00|821.25
269|89|17|11|381.25|5.00|3984.06
270|89|29|2|597.25|5.00|1134.78
271|90|10|12|255.50|0.00|3066.00
272|90|8|9|219.00|0.00|1971.00
273|90|20|6|435.00|10.00|2349.00
274|91|17|6|381.25|0.00|2287.50
275|91|39|5|777.75|15.00|3305.44
276|92|21|3|453.25|5.00|1291.76
277|92|16|6|363.00|15.00|1851.30
278|92|8|10|219.00|0.00|2190.00
279|92|7|5|201.75|5.00|958.31
280|92|16|8|363.00|0.00|2904.00
281|93|6|1|183.50|0.00|183.50
282|94|4|6|147.00|15.00|749.70
283|94|16|11|363.00|0.00|3993.00
284|94|22|5|471.50|15.00|2003.88
285|94|5|1|165.25|0.00|165.25
286|95|34|7|687.50|0.00|4812.50
287|95|24|8|507.00|15.00|3447.60
288|95|13|9|309.25|0.00|2783.25
289|95|22|9|471.50|5.00|4031.33
290|96|7|7|201.75|0.00|1412.25
291|96|14|12|327.50|5.00|3733.50
292|96|40|7|795.00|0.00|5565.00
293|96|23|1|489.75|10.00|440.78
294|97|35|10|705.75|5.00|6704.63
295|97|30|2|615.50|5.00|1169.45
296|97|10|4|255.50|10.00|919.80
297|97|15|4|345.75|0.00|1383.00
298|98|2|7|111.50|15.00|663.43
299|99|24|8|507.00|10.00|3650.40
300|99|5|11|165.25|10.00|1635.98
301|99|9|8|237.25|15.00|1613.30
302|99|19|2|417.75|10.00|751.95
303|100|36|4|723.00|0.00|2892.00
304|101|36|6|723.00|0.00|4338.00
305|101|27|7|561.75|0.00|3932.25
306|101|28|4|579.00|0.00|2316.00
307|101|11|6|273.75|0.00|1642.50
308|101|26|4|543.50|5.00|2065.30
309|102|6|10|183.50|10.00|1651.50
310|102|27|10|561.75|5.00|5336.63
311|102|37|1|741.25|0.00|741.25
312|102|21|5|453.25|0.00|2266.25
313|102|19|3|417.75|0.00|1253.25
314|103|23|12|489.75|0.00|5877.00
315|103|23|3|489.75|10.00|1322.33
316|103|25|10|525.25|5.00|4989.88
317|103|20|11|435.00|0.00|4785.00
318|104|27|8|561.75|0.00|4494.00
319|105|17|2|381.25|0.00|762.50
320|105|17|8|381.25|0.00|3050.00
321|105|37|3|741.25|0.00|2223.75
322|106|24|10|507.00|0.00|5070.00
323|106|15|12|345.75|0.00|4149.00
324|106|8|1|219.00|15.00|186.15
325|107|24|7|507.00|10.00|3194.10
326|107|25|12|525.25|0.00|6303.00
327|107|36|3|723.00|15.00|1843.65
328|107|35|12|705.75|0.00|8469.00
329|107|2|8|111.50|10.00|802.80
330|108|13|3|309.25|15.00|788.59
331|108|29|6|597.25|15.00|3045.98
332|109|9|7|237.25|0.00|1660.75
333|109|21|6|453.25|15.00|2311.58
334|109|8|10|219.00|10.00|1971.00
335|109|14|3|327.50|5.00|933.38
336|110|33|4|669.25|0.00|2677.00
337|110|38|8|759.50|5.00|5772.20
338|110|22|2|471.50|5.00|895.85
339|110|35|12|705.75|0.00|8469.00
340|111|12|12|291.00|15.00|2968.20
341|111|37|10|741.25|0.00|7412.50
342|111|18|5|399.50|15.00|1697.88
343|112|21|4|453.25|5.00|1722.35
344|112|28|7|579.00|15.00|3445.05
345|112|38|12|759.50|10.00|8202.60
346|112|13|7|309.25|0.00|2164.75
347|112|21|3|453.25|15.00|1155.79
348|113|15|4|345.75|0.00|1383.00
349|113|25|10|525.25|15.00|4464.63
350|113|37|8|741.25|5.00|5633.50
351|113|7|5|201.75|10.00|907.88
352|114|13|1|309.25|10.00|278.33
353|114|40|7|795.00|0.00|5565.00
354|114|29|9|597.25|0.00|5375.25
355|114|32|3|651.00|10.00|1757.70
356|115|24|9|507.00|0.00|4563.00
357|115|19|2|417.75|0.00|835.50
358|116|13|1|309.25|15.00|262.86
359|116|34|2|687.50|0.00|1375.00
360|116|31|9|633.75|10.00|5133.38
361|117|4|3|147.00|5.00|418.95
362|117|17|10|381.25|5.00|3621.88
363|118|16|1|363.00|0.00|363.00
364|118|27|6|561.75|0.00|3370.50
365|119|28|10|579.00|15.00|4921.50
366|119|32|11|651.00|15.00|6086.85
367|119|7|1|201.75|10.00|181.58
368|119|20|5|435.00|15.00|1848.75
369|119|23|10|489.75|0.00|4897.50
370|120|20|12|435.00|5.00|4959.00
371|120|4|9|147.00|5.00|1256.85
372|120|12|2|291.00|0.00|582.00
373|121|6|1|183.50|0.00|183.50
374|121|36|2|723.00|0.00|1446.00
375|122|38|2|759.50|0.00|1519.00
376|122|23|8|489.75|10.00|3526.20
377|122|7|4|201.75|0.00|807.00
378|122|25|4|525.25|5.00|1995.95
379|122|38|1|759.50|0.00|759.50
380|123|37|12|741.25|0.00|8895.00
381|123|11|4|273.75|0.00|1095.00
382|123|13|6|309.25|0.00|1855.50
383|124|11|12|273.75|0.00|3285.00
384|125|31|5|633.75|5.00|3010.31
385|125|27|6|561.75|10.00|3033.45
386|125|13|12|309.25|0.00|3711.00
387|125|26|7|543.50|0.00|3804.50
388|126|21|9|453.25|15.00|3467.36
389|127|14|12|327.50|15.00|3340.50
390|128|26|3|543.50|5.00|1548.98
391|128|33|2|669.25|5.00|1271.58
392|128|18|10|399.50|10.00|3595.50
393|128|40|12|795.00|10.00|8586.00
394|129|7|5|201.75|5.00|958.31
395|130|8|5|219.00|0.00|1095.00
396|130|22|11|471.50|15.00|4408.53
397|130|8|4|219.00|0.00|876.00
398|130|23|3|489.75|5.00|1395.79
399|130|38|1|759.50|0.00|759.50
400|131|36|2|723.00|10.00|1301.40
401|131|20|8|435.00|5.00|3306.00
402|131|35|12|705.75|10.00|7622.10
403|132|13|4|309.25|0.00|1237.00
404|133|7|1|201.75|5.00|191.66
405|133|6|7|183.50|0.00|1284.50
406|133|12|10|291.00|0.00|2910.00
407|133|16|2|363.00|0.00|726.00
408|133|39|3|777.75|0.00|2333.25
409|134|15|1|345.75|0.00|345.75
410|134|35|3|705.75|0.00|2117.25
411|134|17|8|381.25|0.00|3050.00
412|134|31|9|633.75|0.00|5703.75
413|135|13|1|309.25|10.00|278.33
414|135|32|11|651.00|0.00|7161.00
415|135|30|4|615.50|5.00|2338.90
416|136|13|7|309.25|0.00|2164.75
417|136|28|5|579.00|0.00|2895.00
418|136|5|3|165.25|5.00|470.96
419|136|15|5|345.75|0.00|1728.75
420|136|29|12|597.25|15.00|6091.95
421|137|25|7|525.25|10.00|3309.08
422|137|39|4|777.75|0.00|3111.00
423|137|35|10|705.75|0.00|7057.50
424|137|28|2|579.00|0.00|1158.00
425|137|14|6|327.50|0.00|1965.00
426|138|29|3|597.25|0.00|1791.75
427|139|33|11|669.25|10.00|6625.58
428|140|23|12|489.75|0.00|5877.00
429|140|3|4|129.75|0.00|519.00
430|140|6|10|183.50|0.00|1835.00
431|141|40|4|795.00|10.00|2862.00
432|141|37|1|741.25|15.00|630.06
433|141|25|3|525.25|0.00|1575.75
434|141|21|2|453.25|0.00|906.50
435|141|12|10|291.00|0.00|2910.00
436|142|6|10|183.50|10.00|1651.50
437|143|3|1|129.75|0.00|129.75
438|144|14|10|327.50|0.00|3275.00
439|144|15|1|345.75|5.00|328.46
440|144|20|11|435.00|10.00|4306.50
441|144|33|3|669.25|0.00|2007.75
442|145|13|8|309.25|10.00|2226.60
443|145|31|12|633.75|15.00|6464.25
444|145|30|3|615.50|0.00|1846.50
445|146|13|6|309.25|0.00|1855.50
446|146|35|1|705.75|10.00|635.18
447|146|27|4|561.75|5.00|2134.65
448|147|18|12|399.50|15.00|4074.90
449|147|12|11|291.00|0.00|3201.00
450|147|4|10|147.00|15.00|1249.50
451|148|33|4|669.25|15.00|2275.45
452|149|4|10|147.00|15.00|1249.50
453|149|7|10|201.75|10.00|1815.75
454|149|9|8|237.25|0.00|1898.00
455|149|19|10|417.75|0.00|4177.50
456|150|33|10|669.25|0.00|6692.50
457|151|16|2|363.00|10.00|653.40
458|151|12|7|291.00|10.00|1833.30
459|151|40|5|795.00|15.00|3378.75
460|151|20|6|435.00|15.00|2218.50
461|151|20|2|435.00|0.00|870.00
462|152|17|2|381.25|0.00|762.50
463|152|18|7|399.50|10.00|2516.85
464|152|13|4|309.25|0.00|1237.00
465|152|36|6|723.00|5.00|4121.10
466|153|30|11|615.50|0.00|6770.50
467|154|7|12|201.75|0.00|2421.00
468|154|29|3|597.25|0.00|1791.75
469|154|39|1|777.75|0.00|777.75
470|155|39|12|777.75|0.00|9333.00
471|155|35|12|705.75|5.00|8045.55
472|156|20|1|435.00|0.00|435.00
473|157|34|9|687.50|10.00|5568.75
474|157|29|10|597.25|0.00|5972.50
475|157|21|7|453.25|5.00|3014.11
476|157|37|11|741.25|15.00|6930.69
477|158|19|12|417.75|5.00|4762.35
478|159|7|4|201.75|5.00|766.65
479|159|19|4|417.75|0.00|1671.00
480|160|9|6|237.25|5.00|1352.33
481|161|25|4|525.25|10.00|1890.90
482|161|4|7|147.00|10.00|926.10
483|161|36|12|723.00|10.00|7808.40
484|161|37|5|741.25|10.00|3335.63
485|161|3|2|129.75|0.00|259.50
486|162|15|9|345.75|5.00|2956.16
487|162|17|9|381.25|0.00|3431.25
488|163|37|6|741.25|0.00|4447.50
489|163|6|8|183.50|0.00|1468.00
490|163|33|11|669.25|0.00|7361.75
491|164|34|7|687.50|15.00|4090.63
492|164|8|7|219.00|0.00|1533.00
493|164|36|2|723.00|10.00|1301.40
494|164|3|5|129.75|0.00|648.75
495|165|21|10|453.25|5.00|4305.88
496|165|34|11|687.50|5.00|7184.38
497|165|34|6|687.50|5.00|3918.75
498|166|21|3|453.25|0.00|1359.75
499|166|19|8|417.75|5.00|3174.90
500|166|21|12|453.25|0.00|5439.00
501|167|5|3|165.25|15.00|421.39
502|167|8|11|219.00|0.00|2409.00
503|167|17|11|381.25|5.00|3984.06
504|167|23|12|489.75|15.00|4995.45
505|167|17|8|381.25|10.00|2745.00
506|168|26|11|543.50|0.00|5978.50
507|168|12|8|291.00|10.00|2095.20
508|168|10|11|255.50|5.00|2669.98
509|168|30|12|615.50|10.00|6647.40
510|169|7|2|201.75|0.00|403.50
511|169|33|2|669.25|15.00|1137.73
512|169|17|8|381.25|15.00|2592.50
513|170|23|2|489.75|0.00|979.50
514|170|15|9|345.75|0.00|3111.75
515|170|20|9|435.00|5.00|3719.25
516|171|1|6|93.25|0.00|559.50
517|171|5|9|165.25|0.00|1487.25
518|171|3|5|129.75|0.00|648.75
519|171|25|12|525.25|15.00|5357.55
520|171|5|8|165.25|10.00|1189.80
521|172|37|2|741.25|0.00|1482.50
522|173|13|8|309.25|5.00|2350.30
523|173|40|2|795.00|0.00|1590.00
524|174|27|2|561.75|15.00|954.98
525|174|26|10|543.50|10.00|4891.50
526|174|12|1|291.00|5.00|276.45
527|175|27|7|561.75|0.00|3932.25
528|175|13|4|309.25|0.00|1237.00
529|175|16|11|363.00|5.00|3793.35
530|175|19|3|417.75|0.00|1253.25
531|176|30|12|615.50|5.00|7016.70
532|176|22|3|471.50|0.00|1414.50
533|176|26|9|543.50|15.00|4157.78
534|177|11|11|273.75|15.00|2559.56
535|177|7|3|201.75|0.00|605.25
536|177|26|5|543.50|0.00|2717.50
537|178|15|8|345.75|5.00|2627.70
538|178|3|12|129.75|15.00|1323.45
539|178|40|1|795.00|15.00|675.75
540|179|3|8|129.75|0.00|1038.00
541|179|23|2|489.75|10.00|881.55
542|179|35|3|705.75|0.00|2117.25
543|179|23|9|489.75|0.00|4407.75
544|179|3|9|129.75|0.00|1167.75
545|180|38|9|759.50|15.00|5810.18
546|180|30|9|615.50|0.00|5539.50
547|181|6|1|183.50|5.00|174.33
548|181|39|9|777.75|5.00|6649.76
549|181|30|12|615.50|0.00|7386.00
550|181|20|9|435.00|0.00|3915.00
551|181|7|5|201.75|0.00|1008.75
552|182|9|2|237.25|10.00|427.05
553|182|33|9|669.25|0.00|6023.25
554|182|32|4|651.00|0.00|2604.00
555|183|1|3|93.25|5.00|265.76
556|183|8|1|219.00|15.00|186.15
557|183|23|4|489.75|15.00|1665.15
558|183|16|6|363.00|5.00|2069.10
559|184|2|8|111.50|15.00|758.20
560|184|31|5|633.75|10.00|2851.88
561|184|29|12|597.25|0.00|7167.00
562|185|1|8|93.25|5.00|708.70
563|185|20|10|435.00|0.00|4350.00
564|185|29|5|597.25|10.00|2687.63
565|186|20|2|435.00|5.00|826.50
566|186|1|11|93.25|15.00|871.89
567|187|26|8|543.50|0.00|4348.00
568|187|26|7|543.50|0.00|3804.50
569|187|38|8|759.50|10.00|5468.40
570|187|35|12|705.75|15.00|7198.65
571|187|5|12|165.25|15.00|1685.55
572|188|16|9|363.00|5.00|3103.65
573|188|38|10|759.50|0.00|7595.00
574|188|19|2|417.75|0.00|835.50
575|188|7|2|201.75|0.00|403.50
576|188|11|6|273.75|10.00|1478.25
577|189|1|7|93.25|0.00|652.75
578|190|33|6|669.25|5.00|3814.73
579|190|9|4|237.25|5.00|901.55
580|191|35|9|705.75|0.00|6351.75
581|192|33|3|669.25|5.00|1907.36
582|192|14|12|327.50|0.00|3930.00
583|192|20|10|435.00|0.00|4350.00
584|192|20|8|435.00|10.00|3132.00
585|193|37|8|741.25|5.00|5633.50
586|193|2|8|111.50|0.00|892.00
587|193|32|5|651.00|0.00|3255.00
588|193|14|3|327.50|0.00|982.50
589|194|18|2|399.50|5.00|759.05
590|194|22|11|471.50|0.00|5186.50
591|194|19|7|417.75|0.00|2924.25
592|194|10|1|255.50|10.00|229.95
593|194|7|4|201.75|0.00|807.00
594|195|23|5|489.75|0.00|2448.75
595|195|12|10|291.00|10.00|2619.00
596|195|36|3|723.00|15.00|1843.65
597|196|25|8|525.25|10.00|3781.80
598|196|26|2|543.50|5.00|1032.65
599|197|13|9|309.25|0.00|2783.25
600|197|5|5|165.25|0.00|826.25
601|197|30|10|615.50|0.00|6155.00
602|197|14|1|327.50|0.00|327.50
603|197|27|7|561.75|0.00|3932.25
604|198|25|5|525.25|15.00|2232.31
605|198|30|3|615.50|0.00|1846.50
606|199|17|2|381.25|0.00|762.50
607|199|23|3|489.75|10.00|1322.33
608|199|38|6|759.50|10.00|4101.30
609|199|34|9|687.50|5.00|5878.13
610|199|23|12|489.75|5.00|5583.15
611|200|31|7|633.75|5.00|4214.44
612|200|39|6|777.75|15.00|3966.53
613|200|16|1|363.00|0.00|363.00
614|201|38|4|759.50|0.00|3038.00
615|201|23|1|489.75|15.00|416.29
616|202|3|10|129.75|15.00|1102.88
617|203|13|5|309.25|0.00|1546.25
618|203|19|8|417.75|5.00|3174.90
619|203|20|11|435.00|0.00|4785.00
620|204|11|5|273.75|10.00|1231.88
621|204|4|4|147.00|0.00|588.00
622|205|19|3|417.75|0.00|1253.25
623|205|35|9|705.75|0.00|6351.75
624|205|29|10|597.25|10.00|5375.25
625|205|21|4|453.25|10.00|1631.70
626|205|15|10|345.75|0.00|3457.50
627|206|22|11|471.50|0.00|5186.50
628|206|35|1|705.75|0.00|705.75
629|206|22|2|471.50|5.00|895.85
630|207|17|8|381.25|0.00|3050.00
631|207|9|4|237.25|5.00|901.55
632|207|31|11|633.75|15.00|5925.56
633|208|19|6|417.75|15.00|2130.53
634|208|26|7|543.50|0.00|3804.50
635|208|17|3|381.25|0.00|1143.75
636|208|27|1|561.75|10.00|505.58
637|208|28|2|579.00|5.00|1100.10
638|209|29|8|597.25|0.00|4778.00
639|209|40|2|795.00|10.00|1431.00
640|209|34|7|687.50|0.00|4812.50
641|209|16|4|363.00|10.00|1306.80
642|209|32|2|651.00|10.00|1171.80
643|210|37|11|741.25|0.00|8153.75
644|210|2|12|111.50|0.00|1338.00
645|210|6|11|183.50|0.00|2018.50
646|210|39|6|777.75|0.00|4666.50
647|211|18|8|399.50|10.00|2876.40
648|212|14|10|327.50|0.00|3275.00
649|212|35|4|705.75|15.00|2399.55
650|213|32|10|651.00|15.00|5533.50
651|213|8|1|219.00|0.00|219.00
652|213|18|9|399.50|15.00|3056.18
653|213|12|8|291.00|15.00|1978.80
654|213|16|5|363.00|5.00|1724.25
655|214|5|2|165.25|10.00|297.45
656|214|32|8|651.00|15.00|4426.80
657|214|30|10|615.50|5.00|5847.25
658|215|8|1|219.00|10.00|197.10
659|215|18|7|399.50|5.00|2656.68
660|216|40|11|795.00|10.00|7870.50
661|216|30|5|615.50|0.00|3077.50
662|216|18|2|399.50|5.00|759.05
663|217|12|12|291.00|0.00|3492.00
664|218|35|2|705.75|0.00|1411.50
665|218|23|10|489.75|0.00|4897.50
666|218|36|10|723.00|0.00|7230.00
667|218|26|10|543.50|0.00|5435.00
668|219|3|10|129.75|0.00|1297.50
669|219|20|11|435.00|5.00|4545.75
670|219|7|4|201.75|0.00|807.00
671|220|12|2|291.00|5.00|552.90
672|220|35|3|705.75|10.00|1905.53
673|220|38|9|759.50|10.00|6151.95
674|221|40|6|795.00|10.00|4293.00
675|221|18|8|399.50|0.00|3196.00
676|222|9|12|237.25|15.00|2419.95
677|222|16|10|363.00|0.00|3630.00
678|223|6|11|183.50|0.00|2018.50
679|223|26|9|543.50|0.00|4891.50
680|223|4|9|147.00|5.00|1256.85
681|223|11|7|273.75|0.00|1916.25
682|223|33|11|669.25|5.00|6993.66
683|224|2|8|111.50|0.00|892.00
684|224|7|7|201.75|0.00|1412.25
685|224|29|2|597.25|0.00|1194.50
686|225|11|1|273.75|0.00|273.75
687|225|19|7|417.75|0.00|2924.25
688|225|30|11|615.50|10.00|6093.45
689|225|34|10|687.50|10.00|6187.50
690|226|23|10|489.75|0.00|4897.50
691|227|19|10|417.75|0.00|4177.50
692|227|1|12|93.25|0.00|1119.00
693|227|37|5|741.25|10.00|3335.63
694|228|24|1|507.00|15.00|430.95
695|228|39|9|777.75|15.00|5949.79
696|229|9|6|237.25|10.00|1281.15
697|229|34|11|687.50|15.00|6428.13
698|230|36|2|723.00|10.00|1301.40
699|230|11|3|273.75|0.00|821.25
700|230|12|9|291.00|0.00|2619.00
701|231|15|3|345.75|5.00|985.39
702|231|27|5|561.75|0.00|2808.75
703|231|16|12|363.00|0.00|4356.00
704|231|16|10|363.00|0.00|3630.00
705|231|28|2|579.00|0.00|1158.00
706|232|30|8|615.50|0.00|4924.00
707|233|1|7|93.25|10.00|587.48
708|234|9|4|237.25|0.00|949.00
709|234|39|12|777.75|0.00|9333.00
710|234|40|3|795.00|10.00|2146.50
711|234|23|4|489.75|5.00|1861.05
712|235|13|9|309.25|5.00|2644.09
713|235|12|4|291.00|0.00|1164.00
714|235|32|10|651.00|0.00|6510.00
715|235|19|6|417.75|0.00|2506.50
716|235|8|3|219.00|5.00|624.15
717|236|13|11|309.25|15.00|2891.49
718|236|20|12|435.00|0.00|5220.00
719|237|21|5|453.25|0.00|2266.25
720|237|40|1|795.00|0.00|795.00
721|237|12|10|291.00|0.00|2910.00
722|237|21|11|453.25|0.00|4985.75
723|237|9|11|237.25|5.00|2479.26
724|238|31|4|633.75|0.00|2535.00
725|238|5|11|165.25|0.00|1817.75
726|238|36|11|723.00|10.00|7157.70
727|238|13|2|309.25|0.00|618.50
728|239|9|10|237.25|5.00|2253.88
729|240|26|10|543.50|5.00|5163.25
730|240|1|3|93.25|5.00|265.76
731|240|20|10|435.00|0.00|4350.00
732|240|21|5|453.25|15.00|1926.31
733|240|20|3|435.00|5.00|1239.75
734|241|31|12|633.75|0.00|7605.00
735|241|8|12|219.00|0.00|2628.00
736|241|11|8|273.75|10.00|1971.00
737|242|33|6|669.25|10.00|3613.95
738|242|5|1|165.25|0.00|165.25
739|242|40|10|795.00|15.00|6757.50
740|242|15|8|345.75|0.00|2766.00
741|242|16|3|363.00|15.00|925.65
742|243|35|9|705.75|0.00|6351.75
743|244|19|4|417.75|0.00|1671.00
744|244|40|5|795.00|0.00|3975.00
745|244|28|10|579.00|15.00|4921.50
746|244|25|5|525.25|15.00|2232.31
747|245|34|3|687.50|5.00|1959.38
748|246|35|7|705.75|0.00|4940.25
749|246|8|11|219.00|10.00|2168.10
750|246|16|2|363.00|0.00|726.00
751|247|11|10|273.75|0.00|2737.50
752|248|6|3|183.50|10.00|495.45
753|248|21|5|453.25|15.00|1926.31
754|248|37|12|741.25|15.00|7560.75
755|249|1|2|93.25|0.00|186.50
756|250|33|1|669.25|15.00|568.86
757|250|4|2|147.00|5.00|279.30
758|250|16|9|363.00|5.00|3103.65
759|250|29|6|597.25|0.00|3583.50
760|251|1|9|93.25|0.00|839.25
761|251|40|8|795.00|10.00|5724.00
762|251|9|10|237.25|0.00|2372.50
763|252|5|6|165.25|0.00|991.50
764|252|8|4|219.00|15.00|744.60
765|252|34|9|687.50|0.00|6187.50
766|253|32|12|651.00|0.00|7812.00
767|253|27|9|561.75|5.00|4802.96
768|253|12|11|291.00|5.00|3040.95
769|253|12|10|291.00|5.00|2764.50
770|253|17|1|381.25|0.00|381.25
771|254|26|8|543.50|15.00|3695.80
772|254|33|8|669.25|5.00|5086.30
773|254|10|8|255.50|5.00|1941.80
774|255|5|11|165.25|0.00|1817.75
775|255|40|7|795.00|0.00|5565.00
776|255|22|7|471.50|0.00|3300.50
777|256|29|11|597.25|0.00|6569.75
778|257|16|6|363.00|5.00|2069.10
779|257|37|5|741.25|15.00|3150.31
780|257|34|4|687.50|0.00|2750.00
781|257|14|1|327.50|10.00|294.75
782|257|5|6|165.25|10.00|892.35
783|258|15|10|345.75|10.00|3111.75
784|259|4|5|147.00|15.00|624.75
785|260|19|1|417.75|10.00|375.98
786|261|7|6|201.75|5.00|1149.98
787|262|17|2|381.25|15.00|648.13
788|262|37|1|741.25|5.00|704.19
789|262|10|6|255.50|5.00|1456.35
790|262|12|12|291.00|15.00|2968.20
791|263|22|4|471.50|0.00|1886.00
792|263|22|11|471.50|15.00|4408.53
793|264|2|7|111.50|10.00|702.45
794|264|33|1|669.25|10.00|602.33
795|264|26|9|543.50|0.00|4891.50
796|264|4|10|147.00|0.00|1470.00
797|264|24|1|507.00|0.00|507.00
798|265|29|12|597.25|0.00|7167.00
799|265|22|12|471.50|0.00|5658.00
800|265|1|5|93.25|0.00|466.25
801|265|11|6|273.75|10.00|1478.25
802|265|33|8|669.25|10.00|4818.60
803|266|22|5|471.50|0.00|2357.50
804|266|12|9|291.00|10.00|2357.10
805|267|34|7|687.50|0.00|4812.50
806|267|18|1|399.50|0.00|399.50
807|268|9|2|237.25|0.00|474.50
808|269|19|9|417.75|15.00|3195.79
809|269|33|5|669.25|10.00|3011.63
810|269|29|12|597.25|0.00|7167.00
811|269|12|12|291.00|0.00|3492.00
812|269|20|10|435.00|0.00|4350.00
813|270|35|7|705.75|0.00|4940.25
814|270|12|10|291.00|0.00|2910.00
815|270|27|7|561.75|5.00|3735.64
816|270|38|4|759.50|15.00|2582.30
817|270|37|12|741.25|10.00|8005.50
818|271|34|4|687.50|5.00|2612.50
819|272|22|3|471.50|15.00|1202.33
820|272|16|9|363.00|5.00|3103.65
821|273|22|4|471.50|0.00|1886.00
822|274|38|4|759.50|0.00|3038.00
823|274|38|11|759.50|0.00|8354.50
824|274|34|12|687.50|15.00|7012.50
825|274|25|11|525.25|0.00|5777.75
826|275|2|12|111.50|0.00|1338.00
827|275|22|6|471.50|0.00|2829.00
828|276|28|4|579.00|10.00|2084.40
829|276|16|11|363.00|15.00|3394.05
830|276|27|4|561.75|10.00|2022.30
831|277|16|11|363.00|5.00|3793.35
832|277|9|12|237.25|0.00|2847.00
833|277|11|1|273.75|0.00|273.75
834|278|37|11|741.25|15.00|6930.69
835|278|9|7|237.25|0.00|1660.75
836|278|40|4|795.00|0.00|3180.00
837|278|21|12|453.25|0.00|5439.00
838|279|5|9|165.25|5.00|1412.89
839|279|3|10|129.75|0.00|1297.50
840|279|11|7|273.75|5.00|1820.44
841|279|9|1|237.25|0.00|237.25
842|279|24|7|507.00|5.00|3371.55
843|280|7|11|201.75|0.00|2219.25
844|280|14|1|327.50|15.00|278.38
845|281|32|7|651.00|0.00|4557.00
846|281|26|12|543.50|0.00|6522.00
847|281|4|2|147.00|0.00|294.00
848|281|4|9|147.00|10.00|1190.70
849|282|13|7|309.25|0.00|2164.75
850|282|29|2|597.25|0.00|1194.50
851|282|26|12|543.50|0.00|6522.00
852|283|16|12|363.00|10.00|3920.40
853|283|3|2|129.75|0.00|259.50
854|283|4|5|147.00|0.00|735.00
855|284|37|9|741.25|15.00|5670.56
856|284|9|2|237.25|0.00|474.50
857|284|19|7|417.75|0.00|2924.25
858|285|32|6|651.00|15.00|3320.10
859|285|37|11|741.25|0.00|8153.75
860|285|35|7|705.75|15.00|4199.21
861|285|4|9|147.00|15.00|1124.55
862|285|9|8|237.25|0.00|1898.00
863|286|3|1|129.75|15.00|110.29
864|286|30|12|615.50|10.00|6647.40
865|286|26|5|543.50|15.00|2309.88
866|287|11|8|273.75|0.00|2190.00
867|288|7|7|201.75|0.00|1412.25
868|288|29|6|597.25|0.00|3583.50
869|288|37|5|741.25|0.00|3706.25
870|289|15|8|345.75|10.00|2489.40
871|290|6|4|183.50|5.00|697.30
872|290|22|9|471.50|0.00|4243.50
873|291|20|10|435.00|0.00|4350.00
874|291|22|5|471.50|0.00|2357.50
875|291|32|8|651.00|10.00|4687.20
876|291|29|12|597.25|15.00|6091.95
877|291|5|2|165.25|0.00|330.50
878|292|2|12|111.50|0.00|1338.00
879|292|35|7|705.75|0.00|4940.25
880|293|16|9|363.00|0.00|3267.00
881|293|29|11|597.25|15.00|5584.29
882|293|40|3|795.00|5.00|2265.75
883|293|11|5|273.75|0.00|1368.75
884|294|14|4|327.50|0.00|1310.00
885|295|10|6|255.50|15.00|1303.05
886|295|9|10|237.25|0.00|2372.50
887|295|40|12|795.00|0.00|9540.00
888|295|10|3|255.50|0.00|766.50
889|295|21|11|453.25|5.00|4736.46
890|296|15|4|345.75|0.00|1383.00
891|296|5|3|165.25|15.00|421.39
892|296|6|7|183.50|5.00|1220.28
893|297|21|6|453.25|10.00|2447.55
894|297|23|6|489.75|15.00|2497.73
895|297|15|2|345.75|0.00|691.50
896|298|36|12|723.00|10.00|7808.40
897|298|32|4|651.00|0.00|2604.00
898|298|15|2|345.75|5.00|656.93
899|298|2|2|111.50|0.00|223.00
900|299|17|6|381.25|0.00|2287.50
901|299|23|5|489.75|5.00|2326.31
902|299|6|12|183.50|15.00|1871.70
903|299|2|5|111.50|10.00|501.75
904|299|25|10|525.25|15.00|4464.63
905|300|40|12|795.00|0.00|9540.00
906|300|38|8|759.50|0.00|6076.00
907|300|19|7|417.75|15.00|2485.61
908|300|38|9|759.50|0.00|6835.50
909|301|24|4|507.00|0.00|2028.00
910|301|24|12|507.00|0.00|6084.00
911|301|9|4|237.25|5.00|901.55
912|301|21|9|453.25|0.00|4079.25
913|301|31|9|633.75|0.00|5703.75
914|302|31|11|633.75|5.00|6622.69
915|302|38|7|759.50|0.00|5316.50
916|302|23|11|489.75|0.00|5387.25
917|303|1|12|93.25|5.00|1063.05
918|303|33|11|669.25|5.00|6993.66
919|303|38|9|759.50|0.00|6835.50
920|303|3|9|129.75|15.00|992.59
921|303|37|5|741.25|0.00|3706.25
922|304|8|9|219.00|10.00|1773.90
923|305|30|5|615.50|0.00|3077.50
924|305|26|6|543.50|5.00|3097.95
925|306|26|11|543.50|0.00|5978.50
926|307|38|10|759.50|10.00|6835.50
927|307|29|7|597.25|0.00|4180.75
928|308|15|4|345.75|0.00|1383.00
929|308|9|12|237.25|15.00|2419.95
930|308|17|5|381.25|15.00|1620.31
931|309|18|11|399.50|0.00|4394.50
932|309|5|11|165.25|15.00|1545.09
933|309|1|7|93.25|5.00|620.11
934|310|30|3|615.50|0.00|1846.50
935|311|29|2|597.25|15.00|1015.33
936|312|22|1|471.50|0.00|471.50
937|312|30|12|615.50|5.00|7016.70
938|312|14|4|327.50|5.00|1244.50
939|313|13|12|309.25|15.00|3154.35
940|313|40|4|795.00|0.00|3180.00
941|313|26|2|543.50|15.00|923.95
942|313|8|7|219.00|15.00|1303.05
943|314|20|12|435.00|10.00|4698.00
944|314|38|9|759.50|10.00|6151.95
945|314|30|4|615.50|10.00|2215.80
946|315|9|8|237.25|5.00|1803.10
947|315|7|2|201.75|5.00|383.33
948|315|24|3|507.00|0.00|1521.00
949|316|15|4|345.75|0.00|1383.00
950|316|30|7|615.50|0.00|4308.50
951|316|12|6|291.00|0.00|1746.00
952|316|35|4|705.75|0.00|2823.00
953|317|24|7|507.00|0.00|3549.00
954|318|4|10|147.00|10.00|1323.00
955|318|34|3|687.50|0.00|2062.50
956|318|7|6|201.75|0.00|1210.50
957|319|31|9|633.75|10.00|5133.38
958|319|21|12|453.25|0.00|5439.00
959|319|17|1|381.25|10.00|343.13
960|320|27|9|561.75|0.00|5055.75
961|320|34|3|687.50|10.00|1856.25
962|321|28|10|579.00|0.00|5790.00
963|321|17|6|381.25|0.00|2287.50
964|321|6|4|183.50|5.00|697.30
965|321|10|12|255.50|10.00|2759.40
966|321|31|11|633.75|15.00|5925.56
967|322|34|9|687.50|0.00|6187.50
968|323|38|1|759.50|10.00|683.55
969|323|30|3|615.50|10.00|1661.85
970|323|34|12|687.50|0.00|8250.00
971|323|10|1|255.50|0.00|255.50
972|324|19|8|417.75|10.00|3007.80
973|325|19|7|417.75|0.00|2924.25
974|326|30|2|615.50|10.00|1107.90
975|326|5|7|165.25|15.00|983.24
976|326|34|2|687.50|0.00|1375.00
977|326|20|10|435.00|15.00|3697.50
978|327|17|2|381.25|10.00|686.25
979|327|4|1|147.00|0.00|147.00
980|327|1|1|93.25|15.00|79.26
981|327|19|6|417.75|0.00|2506.50
982|328|39|8|777.75|15.00|5288.70
983|328|25|2|525.25|5.00|997.98
984|328|10|2|255.50|0.00|511.00
985|328|14|1|327.50|5.00|311.13
986|328|32|1|651.00|10.00|585.90
987|329|5|2|165.25|0.00|330.50
988|329|21|12|453.25|0.00|5439.00
989|329|17|11|381.25|5.00|3984.06
990|329|5|1|165.25|15.00|140.46
991|330|2|1|111.50|15.00|94.78
992|331|25|8|525.25|15.00|3571.70
993|332|22|5|471.50|5.00|2239.63
994|332|21|6|453.25|5.00|2583.53
995|332|3|10|129.75|10.00|1167.75
996|332|9|7|237.25|0.00|1660.75
997|333|23|2|489.75|0.00|979.50
998|333|27|10|561.75|15.00|4774.88
999|334|9|6|237.25|5.00|1352.33
1000|334|14|3|327.50|5.00|933.38
1001|334|27|1|561.75|0.00|561.75
1002|334|4|11|147.00|0.00|1617.00
1003|334|31|12|633.75|0.00|7605.00
1004|335|1|9|93.25|15.00|713.36
1005|336|9|9|237.25|0.00|2135.25
1006|336|40|1|795.00|10.00|715.50
1007|336|4|6|147.00|5.00|837.90
1008|336|35|11|705.75|15.00|6598.76
1009|337|25|4|525.25|10.00|1890.90
1010|337|10|4|255.50|5.00|970.90
1011|337|7|11|201.75|0.00|2219.25
1012|337|31|2|633.75|10.00|1140.75
1013|338|14|5|327.50|0.00|1637.50
1014|338|18|6|399.50|0.00|2397.00
1015|338|31|6|633.75|5.00|3612.38
1016|339|6|7|183.50|0.00|1284.50
1017|339|14|6|327.50|0.00|1965.00
1018|340|6|8|183.50|5.00|1394.60
1019|340|31|12|633.75|5.00|7224.75
1020|341|10|4|255.50|0.00|1022.00
1021|341|31|2|633.75|0.00|1267.50
1022|341|21|1|453.25|15.00|385.26
1023|341|2|1|111.50|15.00|94.78
1024|341|18|10|399.50|15.00|3395.75
1025|342|10|10|255.50|0.00|2555.00
1026|342|5|4|165.25|0.00|661.00
1027|342|6|5|183.50|0.00|917.50
1028|342|36|5|723.00|0.00|3615.00
1029|343|35|5|705.75|0.00|3528.75
1030|344|28|10|579.00|0.00|5790.00
1031|345|40|2|795.00|10.00|1431.00
1032|345|7|8|201.75|0.00|1614.00
1033|345|21|3|453.25|10.00|1223.78
1034|345|29|10|597.25|15.00|5076.63
1035|346|16|5|363.00|0.00|1815.00
1036|347|30|1|615.50|15.00|523.18
1037|347|16|12|363.00|0.00|4356.00
1038|347|18|8|399.50|10.00|2876.40
1039|348|34|7|687.50|0.00|4812.50
1040|348|26|10|543.50|15.00|4619.75
1041|349|10|8|255.50|0.00|2044.00
1042|349|16|5|363.00|0.00|1815.00
1043|349|26|12|543.50|5.00|6195.90
1044|349|11|3|273.75|10.00|739.13
1045|349|37|5|741.25|0.00|3706.25
1046|350|12|4|291.00|5.00|1105.80
1047|350|8|11|219.00|10.00|2168.10
1048|350|13|3|309.25|5.00|881.36
1049|350|34|8|687.50|0.00|5500.00
1050|351|8|3|219.00|0.00|657.00
1051|351|36|6|723.00|10.00|3904.20
1052|351|14|11|327.50|0.00|3602.50
1053|351|37|4|741.25|0.00|2965.00
1054|352|15|6|345.75|0.00|2074.50
1055|352|18|12|399.50|10.00|4314.60
1056|352|39|12|777.75|10.00|8399.70
1057|353|31|9|633.75|0.00|5703.75
1058|353|16|6|363.00|5.00|2069.10
1059|354|15|2|345.75|10.00|622.35
1060|354|23|5|489.75|0.00|2448.75
1061|354|6|6|183.50|0.00|1101.00
1062|354|25|5|525.25|5.00|2494.94
1063|354|19|6|417.75|0.00|2506.50
1064|355|14|4|327.50|0.00|1310.00
1065|355|29|3|597.25|10.00|1612.58
1066|356|1|6|93.25|10.00|503.55
1067|357|32|1|651.00|0.00|651.00
1068|357|27|4|561.75|0.00|2247.00
1069|357|21|9|453.25|5.00|3875.29
1070|358|7|9|201.75|0.00|1815.75
1071|359|17|3|381.25|0.00|1143.75
1072|359|19|9|417.75|10.00|3383.78
1073|359|25|6|525.25|10.00|2836.35
1074|359|17|5|381.25|10.00|1715.63
1075|359|31|10|633.75|15.00|5386.88
1076|360|8|9|219.00|0.00|1971.00
1077|360|8|8|219.00|10.00|1576.80
1078|360|10|2|255.50|0.00|511.00
1079|361|30|11|615.50|5.00|6431.98
1080|361|13|6|309.25|0.00|1855.50
1081|361|15|10|345.75|10.00|3111.75
1082|361|1|11|93.25|5.00|974.46
1083|362|17|9|381.25|15.00|2916.56
1084|362|39|7|777.75|0.00|5444.25
1085|362|24|4|507.00|5.00|1926.60
1086|363|14|10|327.50|5.00|3111.25
1087|363|1|11|93.25|10.00|923.18
1088|363|32|10|651.00|0.00|6510.00
1089|363|39|7|777.75|5.00|5172.04
1090|363|6|5|183.50|5.00|871.63
1091|364|1|11|93.25|0.00|1025.75
1092|364|13|9|309.25|0.00|2783.25
1093|364|17|4|381.25|0.00|1525.00
1094|364|14|4|327.50|15.00|1113.50
1095|365|33|12|669.25|0.00|8031.00
1096|366|10|9|255.50|0.00|2299.50
1097|366|24|5|507.00|15.00|2154.75
1098|366|28|3|579.00|0.00|1737.00
1099|367|9|11|237.25|10.00|2348.78
1100|367|38|5|759.50|0.00|3797.50
1101|368|34|3|687.50|10.00|1856.25
1102|368|13|6|309.25|0.00|1855.50
1103|368|28|9|579.00|5.00|4950.45
1104|368|32|12|651.00|0.00|7812.00
1105|369|12|12|291.00|10.00|3142.80
1106|370|27|11|561.75|15.00|5252.36
1107|370|23|11|489.75|0.00|5387.25
1108|370|1|11|93.25|0.00|1025.75
1109|370|31|4|633.75|0.00|2535.00
1110|370|27|4|561.75|10.00|2022.30
1111|371|3|1|129.75|0.00|129.75
1112|371|12|11|291.00|0.00|3201.00
1113|371|34|4|687.50|10.00|2475.00
1114|372|4|12|147.00|5.00|1675.80
1115|372|35|8|705.75|15.00|4799.10
1116|373|31|11|633.75|0.00|6971.25
1117|373|19|7|417.75|10.00|2631.83
1118|374|3|5|129.75|0.00|648.75
1119|374|20|11|435.00|0.00|4785.00
1120|374|35|12|705.75|15.00|7198.65
1121|375|11|12|273.75|0.00|3285.00
1122|376|14|4|327.50|5.00|1244.50
1123|377|9|5|237.25|5.00|1126.94
1124|378|19|4|417.75|0.00|1671.00
1125|378|16|11|363.00|5.00|3793.35
1126|378|15|2|345.75|0.00|691.50
1127|379|18|5|399.50|10.00|1797.75
1128|379|14|4|327.50|15.00|1113.50
1129|379|2|11|111.50|10.00|1103.85
1130|379|18|2|399.50|0.00|799.00
1131|380|21|7|453.25|10.00|2855.48
1132|380|32|12|651.00|5.00|7421.40
1133|380|22|10|471.50|10.00|4243.50
1134|381|8|5|219.00|10.00|985.50
1135|382|23|11|489.75|0.00|5387.25
1136|382|12|3|291.00|0.00|873.00
1137|382|12|7|291.00|10.00|1833.30
1138|383|13|3|309.25|5.00|881.36
1139|384|27|9|561.75|15.00|4297.39
1140|384|16|1|363.00|0.00|363.00
1141|384|32|8|651.00|10.00|4687.20
1142|385|26|5|543.50|0.00|2717.50
1143|385|17|1|381.25|0.00|381.25
1144|385|13|12|309.25|0.00|3711.00
1145|385|26|1|543.50|0.00|543.50
1146|386|29|3|597.25|0.00|1791.75
1147|387|6|12|183.50|0.00|2202.00
1148|387|18|11|399.50|0.00|4394.50
1149|388|2|4|111.50|10.00|401.40
1150|389|18|12|399.50|15.00|4074.90
1151|390|13|6|309.25|15.00|1577.18
1152|390|31|4|633.75|0.00|2535.00
1153|391|34|5|687.50|0.00|3437.50
1154|391|16|10|363.00|10.00|3267.00
1155|391|40|4|795.00|0.00|3180.00
1156|391|24|7|507.00|0.00|3549.00
1157|391|4|10|147.00|0.00|1470.00
1158|392|33|2|669.25|15.00|1137.73
1159|392|8|3|219.00|10.00|591.30
1160|392|26|10|543.50|5.00|5163.25
1161|392|28|4|579.00|15.00|1968.60
1162|393|4|12|147.00|10.00|1587.60
1163|393|2|2|111.50|10.00|200.70
1164|394|38|9|759.50|0.00|6835.50
1165|394|37|4|741.25|5.00|2816.75
1166|394|27|3|561.75|0.00|1685.25
1167|395|37|6|741.25|0.00|4447.50
1168|395|30|6|615.50|10.00|3323.70
1169|395|20|8|435.00|0.00|3480.00
1170|395|15|3|345.75|5.00|985.39
1171|395|19|11|417.75|10.00|4135.73
1172|396|8|5|219.00|0.00|1095.00
1173|396|21|11|453.25|0.00|4985.75
1174|396|32|9|651.00|0.00|5859.00
1175|396|9|7|237.25|15.00|1411.64
1176|397|12|3|291.00|0.00|873.00
1177|397|21|11|453.25|0.00|4985.75
1178|397|32|11|651.00|5.00|6802.95
1179|397|29|1|597.25|0.00|597.25
1180|397|12|7|291.00|0.00|2037.00
1181|398|34|10|687.50|0.00|6875.00
1182|399|5|6|165.25|10.00|892.35
1183|399|12|5|291.00|0.00|1455.00
1184|399|39|12|777.75|0.00|9333.00
1185|400|3|3|129.75|10.00|350.33
1186|400|16|8|363.00|5.00|2758.80
1187|400|38|2|759.50|15.00|1291.15
1188|401|39|1|777.75|0.00|777.75
1189|401|32|12|651.00|10.00|7030.80
1190|401|36|12|723.00|0.00|8676.00
1191|401|10|5|255.50|5.00|1213.63
1192|401|25|9|525.25|0.00|4727.25
1193|402|2|3|111.50|5.00|317.78
1194|402|29|3|597.25|0.00|1791.75
1195|402|22|2|471.50|0.00|943.00
1196|402|31|10|633.75|0.00|6337.50
1197|402|29|7|597.25|0.00|4180.75
1198|403|20|4|435.00|10.00|1566.00
1199|403|8|7|219.00|5.00|1456.35
1200|404|36|2|723.00|0.00|1446.00
1201|404|16|10|363.00|0.00|3630.00
1202|404|15|12|345.75|5.00|3941.55
1203|404|4|12|147.00|0.00|1764.00
1204|404|11|4|273.75|15.00|930.75
1205|405|25|1|525.25|5.00|498.99
1206|405|7|5|201.75|10.00|907.88
1207|405|14|5|327.50|10.00|1473.75
1208|405|26|8|543.50|0.00|4348.00
1209|405|21|7|453.25|10.00|2855.48
1210|406|6|3|183.50|0.00|550.50
1211|406|15|2|345.75|0.00|691.50
1212|406|35|1|705.75|5.00|670.46
1213|406|4|8|147.00|15.00|999.60
1214|407|6|7|183.50|0.00|1284.50
1215|407|27|2|561.75|5.00|1067.33
1216|407|37|4|741.25|0.00|2965.00
1217|408|39|11|777.75|0.00|8555.25
1218|408|24|1|507.00|15.00|430.95
1219|408|1|2|93.25|0.00|186.50
1220|408|38|3|759.50|10.00|2050.65
1221|408|8|9|219.00|10.00|1773.90
1222|409|24|8|507.00|5.00|3853.20
1223|409|14|1|327.50|5.00|311.13
1224|409|1|1|93.25|0.00|93.25
1225|410|4|1|147.00|0.00|147.00
1226|410|7|10|201.75|15.00|1714.88
1227|410|18|3|399.50|5.00|1138.58
1228|410|9|4|237.25|5.00|901.55
1229|411|10|5|255.50|0.00|1277.50
1230|411|40|12|795.00|15.00|8109.00
1231|412|27|11|561.75|10.00|5561.33
1232|412|24|10|507.00|0.00|5070.00
1233|413|22|2|471.50|0.00|943.00
1234|414|37|12|741.25|0.00|8895.00
1235|414|19|3|417.75|0.00|1253.25
1236|414|3|1|129.75|15.00|110.29
1237|414|13|10|309.25|5.00|2937.88
1238|415|24|4|507.00|15.00|1723.80
1239|415|5|12|165.25|5.00|1883.85
1240|415|14|9|327.50|0.00|2947.50
1241|415|27|7|561.75|5.00|3735.64
1242|416|3|11|129.75|0.00|1427.25
1243|416|25|4|525.25|10.00|1890.90
1244|416|20|3|435.00|15.00|1109.25
1245|416|8|12|219.00|0.00|2628.00
1246|416|30|10|615.50|15.00|5231.75
1247|417|14|1|327.50|0.00|327.50
1248|417|26|8|543.50|5.00|4130.60
1249|417|4|3|147.00|0.00|441.00
1250|417|19|1|417.75|0.00|417.75
1251|418|34|9|687.50|0.00|6187.50
1252|418|4|4|147.00|0.00|588.00
1253|418|29|7|597.25|0.00|4180.75
1254|418|21|8|453.25|0.00|3626.00
1255|418|8|9|219.00|15.00|1675.35
1256|419|35|3|705.75|5.00|2011.39
1257|419|27|1|561.75|10.00|505.58
1258|419|39|11|777.75|0.00|8555.25
1259|420|7|2|201.75|0.00|403.50
1260|420|13|11|309.25|15.00|2891.49
1261|420|39|8|777.75|10.00|5599.80
1262|420|16|7|363.00|0.00|2541.00
1263|420|37|6|741.25|10.00|4002.75
1264|421|1|9|93.25|0.00|839.25
1265|421|28|7|579.00|10.00|3647.70
1266|422|23|7|489.75|10.00|3085.43
1267|422|25|7|525.25|10.00|3309.08
1268|422|19|3|417.75|0.00|1253.25
1269|422|3|10|129.75|0.00|1297.50
1270|423|5|6|165.25|5.00|941.93
1271|423|18|3|399.50|10.00|1078.65
1272|423|30|1|615.50|0.00|615.50
1273|423|35|10|705.75|0.00|7057.50
1274|424|13|12|309.25|0.00|3711.00
1275|424|20|11|435.00|10.00|4306.50
1276|424|35|3|705.75|5.00|2011.39
1277|425|19|4|417.75|5.00|1587.45
1278|425|21|4|453.25|0.00|1813.00
1279|426|6|11|183.50|5.00|1917.58
1280|426|4|4|147.00|5.00|558.60
1281|426|34|5|687.50|0.00|3437.50
1282|427|17|12|381.25|0.00|4575.00
1283|428|38|3|759.50|0.00|2278.50
1284|428|17|7|381.25|10.00|2401.88
1285|428|34|12|687.50|0.00|8250.00
1286|428|15|10|345.75|0.00|3457.50
1287|429|14|9|327.50|10.00|2652.75
1288|429|18|11|399.50|0.00|4394.50
1289|430|6|11|183.50|0.00|2018.50
1290|430|3|9|129.75|5.00|1109.36
1291|430|1|8|93.25|0.00|746.00
1292|430|32|1|651.00|0.00|651.00
1293|431|24|11|507.00|15.00|4740.45
1294|431|12|11|291.00|0.00|3201.00
1295|432|13|5|309.25|10.00|1391.63
1296|432|23|1|489.75|0.00|489.75
1297|433|18|6|399.50|0.00|2397.00
1298|433|22|3|471.50|0.00|1414.50
1299|433|33|11|669.25|0.00|7361.75
1300|433|30|7|615.50|5.00|4093.08
1301|434|24|3|507.00|15.00|1292.85
1302|435|37|5|741.25|0.00|3706.25
1303|436|31|7|633.75|0.00|4436.25
1304|436|40|9|795.00|0.00|7155.00
1305|436|28|2|579.00|0.00|1158.00
1306|437|29|9|597.25|10.00|4837.73
1307|437|4|12|147.00|0.00|1764.00
1308|437|39|6|777.75|15.00|3966.53
1309|437|10|1|255.50|0.00|255.50
1310|438|17|6|381.25|0.00|2287.50
1311|439|12|12|291.00|5.00|3317.40
1312|439|8|1|219.00|0.00|219.00
1313|439|3|12|129.75|15.00|1323.45
1314|439|17|2|381.25|10.00|686.25
1315|440|28|7|579.00|15.00|3445.05
1316|440|6|8|183.50|5.00|1394.60
1317|440|37|3|741.25|15.00|1890.19
1318|440|7|11|201.75|15.00|1886.36
1319|441|16|2|363.00|0.00|726.00
1320|442|4|6|147.00|0.00|882.00
1321|442|22|6|471.50|0.00|2829.00
1322|442|4|1|147.00|0.00|147.00
1323|442|27|4|561.75|15.00|1909.95
1324|442|31|9|633.75|0.00|5703.75
1325|443|23|2|489.75|0.00|979.50
1326|443|21|11|453.25|0.00|4985.75
1327|443|1|9|93.25|10.00|755.33
1328|443|35|4|705.75|0.00|2823.00
1329|444|22|3|471.50|0.00|1414.50
1330|444|28|1|579.00|15.00|492.15
1331|445|29|10|597.25|0.00|5972.50
1332|445|5|8|165.25|5.00|1255.90
1333|446|24|7|507.00|0.00|3549.00
1334|447|22|11|471.50|0.00|5186.50
1335|447|37|7|741.25|0.00|5188.75
1336|448|24|2|507.00|15.00|861.90
1337|448|40|12|795.00|10.00|8586.00
1338|448|36|5|723.00|10.00|3253.50
1339|449|9|12|237.25|0.00|2847.00
1340|449|14|2|327.50|0.00|655.00
1341|450|11|8|273.75|5.00|2080.50
1342|450|28|3|579.00|0.00|1737.00
1343|450|20|1|435.00|5.00|413.25
1344|450|14|12|327.50|0.00|3930.00
1345|451|31|10|633.75|0.00|6337.50
1346|451|38|1|759.50|10.00|683.55
1347|451|39|12|777.75|0.00|9333.00
1348|451|38|3|759.50|0.00|2278.50
1349|452|40|4|795.00|0.00|3180.00
1350|452|28|11|579.00|10.00|5732.10
1351|452|4|2|147.00|5.00|279.30
1352|453|28|4|579.00|0.00|2316.00
1353|453|32|6|651.00|5.00|3710.70
1354|454|29|10|597.25|10.00|5375.25
1355|454|11|12|273.75|0.00|3285.00
1356|455|19|8|417.75|0.00|3342.00
1357|455|24|1|507.00|15.00|430.95
1358|455|8|7|219.00|5.00|1456.35
1359|456|38|9|759.50|0.00|6835.50
1360|457|22|3|471.50|10.00|1273.05
1361|457|5|6|165.25|0.00|991.50
1362|457|5|2|165.25|15.00|280.93
1363|458|19|6|417.75|0.00|2506.50
1364|458|38|8|759.50|10.00|5468.40
1365|458|21|5|453.25|0.00|2266.25
1366|458|26|11|543.50|5.00|5679.58
1367|459|23|1|489.75|0.00|489.75
1368|459|24|12|507.00|10.00|5475.60
1369|459|11|5|273.75|0.00|1368.75
1370|459|25|6|525.25|15.00|2678.78
1371|460|15|3|345.75|0.00|1037.25
1372|460|40|11|795.00|10.00|7870.50
1373|461|32|1|651.00|0.00|651.00
1374|461|2|3|111.50|0.00|334.50
1375|462|15|7|345.75|0.00|2420.25
1376|463|18|9|399.50|0.00|3595.50
1377|464|12|6|291.00|0.00|1746.00
1378|464|27|4|561.75|15.00|1909.95
1379|464|23|7|489.75|0.00|3428.25
1380|464|34|4|687.50|0.00|2750.00
1381|465|36|2|723.00|0.00|1446.00
1382|465|1|7|93.25|0.00|652.75
1383|465|37|6|741.25|15.00|3780.38
1384|465|15|11|345.75|15.00|3232.76
1385|466|14|5|327.50|0.00|1637.50
1386|466|9|6|237.25|5.00|1352.33
1387|467|2|3|111.50|5.00|317.78
1388|467|18|6|399.50|15.00|2037.45
1389|467|34|6|687.50|10.00|3712.50
1390|467|34|4|687.50|5.00|2612.50
1391|467|15|4|345.75|0.00|1383.00
1392|468|9|11|237.25|0.00|2609.75
1393|468|25|8|525.25|15.00|3571.70
1394|468|12|8|291.00|0.00|2328.00
1395|468|11|5|273.75|0.00|1368.75
1396|469|40|5|795.00|0.00|3975.00
1397|470|2|12|111.50|10.00|1204.20
1398|470|29|6|597.25|15.00|3045.98
1399|471|26|6|543.50|10.00|2934.90
1400|471|28|11|579.00|10.00|5732.10
1401|471|27|2|561.75|10.00|1011.15
1402|471|14|7|327.50|0.00|2292.50
1403|471|40|6|795.00|0.00|4770.00
1404|472|20|2|435.00|15.00|739.50
1405|473|18|5|399.50|5.00|1897.63
1406|474|13|2|309.25|0.00|618.50
1407|474|5|9|165.25|0.00|1487.25
1408|474|24|11|507.00|0.00|5577.00
1409|474|10|2|255.50|0.00|511.00
1410|475|12|1|291.00|15.00|247.35
1411|476|39|3|777.75|0.00|2333.25
1412|477|15|5|345.75|10.00|1555.88
1413|477|24|11|507.00|5.00|5298.15
1414|478|11|9|273.75|15.00|2094.19
1415|478|18|1|399.50|5.00|379.53
1416|478|7|10|201.75|15.00|1714.88
1417|478|8|3|219.00|0.00|657.00
1418|478|9|1|237.25|10.00|213.53
1419|479|12|12|291.00|10.00|3142.80
1420|479|39|8|777.75|0.00|6222.00
1421|479|19|1|417.75|0.00|417.75
1422|479|24|9|507.00|10.00|4106.70
1423|480|16|2|363.00|0.00|726.00
1424|481|36|4|723.00|15.00|2458.20
1425|481|17|12|381.25|0.00|4575.00
1426|481|1|3|93.25|0.00|279.75
1427|481|5|4|165.25|0.00|661.00
1428|482|39|11|777.75|0.00|8555.25
1429|482|34|9|687.50|10.00|5568.75
1430|482|19|2|417.75|0.00|835.50
1431|482|20|3|435.00|5.00|1239.75
1432|483|10|11|255.50|0.00|2810.50
1433|483|36|8|723.00|0.00|5784.00
1434|484|24|6|507.00|0.00|3042.00
1435|484|15|1|345.75|10.00|311.18
1436|484|17|3|381.25|15.00|972.19
1437|484|1|4|93.25|15.00|317.05
1438|485|25|11|525.25|5.00|5488.86
1439|485|3|12|129.75|10.00|1401.30
1440|486|35|5|705.75|0.00|3528.75
1441|487|27|11|561.75|5.00|5870.29
1442|487|22|7|471.50|10.00|2970.45
1443|487|36|11|723.00|0.00|7953.00
1444|488|26|7|543.50|0.00|3804.50
1445|488|32|5|651.00|0.00|3255.00
1446|488|39|2|777.75|0.00|1555.50
1447|488|20|3|435.00|0.00|1305.00
1448|489|23|5|489.75|5.00|2326.31
1449|489|22|9|471.50|0.00|4243.50
1450|490|38|9|759.50|0.00|6835.50
1451|490|29|6|597.25|0.00|3583.50
1452|490|30|7|615.50|0.00|4308.50
1453|491|39|10|777.75|0.00|7777.50
1454|492|39|7|777.75|5.00|5172.04
1455|493|23|11|489.75|0.00|5387.25
1456|493|28|8|579.00|5.00|4400.40
1457|493|7|1|201.75|0.00|201.75
1458|493|12|4|291.00|10.00|1047.60
1459|494|12|12|291.00|15.00|2968.20
1460|494|6|7|183.50|0.00|1284.50
1461|494|16|6|363.00|0.00|2178.00
1462|495|9|2|237.25|10.00|427.05
1463|495|34|6|687.50|15.00|3506.25
1464|495|23|10|489.75|0.00|4897.50
1465|495|5|10|165.25|0.00|1652.50
1466|496|14|3|327.50|0.00|982.50
1467|496|40|1|795.00|0.00|795.00
1468|496|16|3|363.00|5.00|1034.55
1469|496|6|3|183.50|10.00|495.45
1470|497|30|11|615.50|10.00|6093.45
1471|497|15|5|345.75|5.00|1642.31
1472|498|9|10|237.25|10.00|2135.25
1473|498|16|11|363.00|0.00|3993.00
1474|498|35|4|705.75|0.00|2823.00
1475|499|29|1|597.25|10.00|537.53
1476|499|31|12|633.75|5.00|7224.75
1477|499|36|3|723.00|5.00|2060.55
1478|500|16|7|363.00|15.00|2159.85
1479|500|1|8|93.25|0.00|746.00
1480|500|13|10|309.25|0.00|3092.50
1481|500|30|7|615.50|15.00|3662.23
1482|500|6|3|183.50|0.00|550.50
1483|501|29|3|597.25|0.00|1791.75
1484|501|25|3|525.25|0.00|1575.75
1485|501|4|9|147.00|15.00|1124.55
1486|501|22|12|471.50|10.00|5092.20
1487|501|6|11|183.50|0.00|2018.50
1488|502|14|10|327.50|5.00|3111.25
1489|502|9|1|237.25|10.00|213.53
1490|503|35|3|705.75|5.00|2011.39
1491|503|4|12|147.00|0.00|1764.00
1492|503|33|9|669.25|15.00|5119.76
1493|503|31|5|633.75|15.00|2693.44
1494|503|40|3|795.00|0.00|2385.00
1495|504|13|12|309.25|10.00|3339.90
1496|504|11|3|273.75|5.00|780.19
1497|504|15|11|345.75|0.00|3803.25
1498|505|1|8|93.25|15.00|634.10
1499|505|14|5|327.50|0.00|1637.50
1500|505|15|4|345.75|0.00|1383.00
1501|506|21|9|453.25|15.00|3467.36
1502|506|35|10|705.75|0.00|7057.50
1503|506|35|6|705.75|10.00|3811.05
1504|506|29|5|597.25|0.00|2986.25
1505|507|8|2|219.00|5.00|416.10
1506|507|40|6|795.00|5.00|4531.50
1507|507|32|4|651.00|10.00|2343.60
1508|508|35|10|705.75|10.00|6351.75
1509|509|8|12|219.00|10.00|2365.20
1510|509|8|2|219.00|5.00|416.10
1511|510|35|2|705.75|10.00|1270.35
1512|510|17|1|381.25|5.00|362.19
1513|510|3|8|129.75|10.00|934.20
1514|510|13|10|309.25|15.00|2628.63
1515|510|21|8|453.25|0.00|3626.00
1516|511|19|1|417.75|0.00|417.75
1517|512|30|5|615.50|5.00|2923.63
1518|512|5|6|165.25|5.00|941.93
1519|512|30|10|615.50|5.00|5847.25
1520|512|40|10|795.00|0.00|7950.00
1521|513|18|9|399.50|0.00|3595.50
1522|513|35|6|705.75|0.00|4234.50
1523|514|24|2|507.00|5.00|963.30
1524|515|7|12|201.75|0.00|2421.00
1525|515|1|2|93.25|0.00|186.50
1526|515|23|11|489.75|0.00|5387.25
1527|515|22|2|471.50|0.00|943.00
1528|516|20|1|435.00|15.00|369.75
1529|516|20|12|435.00|0.00|5220.00
1530|517|20|3|435.00|0.00|1305.00
1531|518|13|6|309.25|0.00|1855.50
1532|519|24|2|507.00|5.00|963.30
1533|520|13|5|309.25|10.00|1391.63
1534|520|8|6|219.00|5.00|1248.30
1535|521|29|7|597.25|0.00|4180.75
1536|521|13|8|309.25|0.00|2474.00
1537|521|3|1|129.75|10.00|116.78
1538|521|9|4|237.25|0.00|949.00
1539|522|19|7|417.75|0.00|2924.25
1540|522|9|8|237.25|5.00|1803.10
1541|523|12|6|291.00|5.00|1658.70
1542|523|34|7|687.50|0.00|4812.50
1543|524|26|11|543.50|15.00|5081.73
1544|525|24|4|507.00|5.00|1926.60
1545|525|30|6|615.50|15.00|3139.05
1546|525|10|11|255.50|10.00|2529.45
1547|526|9|10|237.25|5.00|2253.88
1548|527|8|1|219.00|5.00|208.05
1549|527|28|7|579.00|10.00|3647.70
1550|527|28|12|579.00|5.00|6600.60
1551|527|35|7|705.75|10.00|4446.23
1552|527|26|5|543.50|15.00|2309.88
1553|528|40|6|795.00|5.00|4531.50
1554|528|32|8|651.00|0.00|5208.00
1555|528|14|7|327.50|0.00|2292.50
1556|528|1|8|93.25|0.00|746.00
1557|529|31|8|633.75|0.00|5070.00
1558|529|35|12|705.75|0.00|8469.00
1559|529|3|1|129.75|15.00|110.29
1560|530|35|6|705.75|0.00|4234.50
1561|530|24|9|507.00|5.00|4334.85
1562|531|16|11|363.00|0.00|3993.00
1563|531|27|2|561.75|5.00|1067.33
1564|531|26|8|543.50|15.00|3695.80
1565|531|25|6|525.25|0.00|3151.50
1566|532|32|9|651.00|0.00|5859.00
1567|533|33|8|669.25|10.00|4818.60
1568|533|6|5|183.50|0.00|917.50
1569|533|11|10|273.75|0.00|2737.50
1570|533|17|2|381.25|5.00|724.38
1571|533|14|4|327.50|5.00|1244.50
1572|534|6|9|183.50|5.00|1568.93
1573|534|13|1|309.25|0.00|309.25
1574|534|19|11|417.75|0.00|4595.25
1575|534|39|10|777.75|5.00|7388.63
1576|534|38|10|759.50|10.00|6835.50
1577|535|13|6|309.25|15.00|1577.18
1578|535|27|2|561.75|10.00|1011.15
1579|536|15|4|345.75|15.00|1175.55
1580|536|22|5|471.50|0.00|2357.50
1581|536|8|8|219.00|0.00|1752.00
1582|536|36|7|723.00|5.00|4807.95
1583|537|20|6|435.00|15.00|2218.50
1584|537|18|2|399.50|15.00|679.15
1585|538|7|9|201.75|15.00|1543.39
1586|538|33|5|669.25|15.00|2844.31
1587|538|33|1|669.25|0.00|669.25
1588|538|5|2|165.25|0.00|330.50
1589|538|30|5|615.50|5.00|2923.63
1590|539|18|7|399.50|10.00|2516.85
1591|539|17|12|381.25|15.00|3888.75
1592|539|19|2|417.75|0.00|835.50
1593|539|13|10|309.25|15.00|2628.63
1594|539|9|6|237.25|5.00|1352.33
1595|540|8|9|219.00|0.00|1971.00
1596|540|31|11|633.75|0.00|6971.25
1597|540|8|1|219.00|0.00|219.00
1598|541|33|10|669.25|10.00|6023.25
1599|541|11|8|273.75|0.00|2190.00
1600|542|28|4|579.00|0.00|2316.00
1601|542|15|1|345.75|0.00|345.75
1602|542|10|10|255.50|10.00|2299.50
1603|542|3|5|129.75|0.00|648.75
1604|542|29|5|597.25|0.00|2986.25
1605|543|24|3|507.00|15.00|1292.85
1606|543|5|6|165.25|0.00|991.50
1607|544|1|11|93.25|0.00|1025.75
1608|544|23|4|489.75|0.00|1959.00
1609|545|29|2|597.25|0.00|1194.50
1610|545|12|1|291.00|0.00|291.00
1611|545|36|10|723.00|10.00|6507.00
1612|545|5|11|165.25|5.00|1726.86
1613|545|3|5|129.75|0.00|648.75
1614|546|1|7|93.25|0.00|652.75
1615|546|18|2|399.50|15.00|679.15
1616|547|13|12|309.25|0.00|3711.00
1617|547|15|3|345.75|0.00|1037.25
1618|547|39|4|777.75|0.00|3111.00
1619|548|18|2|399.50|10.00|719.10
1620|548|6|6|183.50|0.00|1101.00
1621|548|14|2|327.50|5.00|622.25
1622|548|10|2|255.50|10.00|459.90
1623|548|25|6|525.25|0.00|3151.50
1624|549|36|2|723.00|5.00|1373.70
1625|549|21|5|453.25|5.00|2152.94
1626|549|1|12|93.25|5.00|1063.05
1627|549|18|12|399.50|5.00|4554.30
1628|550|11|7|273.75|10.00|1724.63
1629|550|17|1|381.25|0.00|381.25
1630|550|37|4|741.25|0.00|2965.00
1631|550|23|5|489.75|5.00|2326.31
1632|551|10|8|255.50|0.00|2044.00
1633|552|13|2|309.25|0.00|618.50
1634|552|40|9|795.00|0.00|7155.00
1635|552|38|4|759.50|5.00|2886.10
1636|552|13|7|309.25|0.00|2164.75
1637|553|14|6|327.50|10.00|1768.50
1638|553|36|3|723.00|0.00|2169.00
1639|553|19|12|417.75|0.00|5013.00
1640|554|33|11|669.25|0.00|7361.75
1641|554|1|6|93.25|15.00|475.58
1642|554|24|5|507.00|15.00|2154.75
1643|554|30|12|615.50|0.00|7386.00
1644|554|35|3|705.75|10.00|1905.53
1645|555|29|4|597.25|0.00|2389.00
1646|556|28|1|579.00|15.00|492.15
1647|556|19|11|417.75|10.00|4135.73
1648|556|30|7|615.50|0.00|4308.50
1649|556|21|11|453.25|5.00|4736.46
1650|556|39|12|777.75|10.00|8399.70
1651|557|33|4|669.25|10.00|2409.30
1652|557|1|8|93.25|10.00|671.40
1653|557|1|10|93.25|10.00|839.25
1654|557|19|7|417.75|0.00|2924.25
1655|557|14|8|327.50|0.00|2620.00
1656|558|14|12|327.50|5.00|3733.50
1657|558|2|9|111.50|0.00|1003.50
1658|559|5|1|165.25|15.00|140.46
1659|560|31|1|633.75|0.00|633.75
1660|560|2|11|111.50|0.00|1226.50
1661|560|23|11|489.75|15.00|4579.16
1662|560|36|4|723.00|15.00|2458.20
1663|561|14|11|327.50|15.00|3062.13
1664|561|33|6|669.25|5.00|3814.73
1665|561|40|5|795.00|0.00|3975.00
1666|562|23|11|489.75|10.00|4848.53
1667|562|34|7|687.50|10.00|4331.25
1668|562|10|8|255.50|5.00|1941.80
1669|562|35|12|705.75|5.00|8045.55
1670|563|38|3|759.50|0.00|2278.50
1671|563|12|6|291.00|0.00|1746.00
1672|563|8|10|219.00|0.00|2190.00
1673|563|5|5|165.25|0.00|826.25
1674|564|35|9|705.75|0.00|6351.75
1675|565|7|12|201.75|15.00|2057.85
1676|565|18|12|399.50|5.00|4554.30
1677|565|34|11|687.50|15.00|6428.13
1678|565|38|12|759.50|15.00|7746.90
1679|565|14|5|327.50|0.00|1637.50
1680|566|25|6|525.25|15.00|2678.78
1681|566|7|3|201.75|5.00|574.99
1682|566|36|7|723.00|10.00|4554.90
1683|567|19|10|417.75|0.00|4177.50
1684|567|6|4|183.50|10.00|660.60
1685|567|1|10|93.25|0.00|932.50
1686|568|10|3|255.50|0.00|766.50
1687|569|37|6|741.25|5.00|4225.13
1688|569|29|12|597.25|0.00|7167.00
1689|570|14|1|327.50|10.00|294.75
1690|571|20|5|435.00|0.00|2175.00
1691|572|17|10|381.25|10.00|3431.25
1692|572|24|9|507.00|5.00|4334.85
1693|572|25|4|525.25|15.00|1785.85
1694|572|26|3|543.50|15.00|1385.93
1695|572|19|5|417.75|15.00|1775.44
1696|573|6|8|183.50|0.00|1468.00
1697|573|6|4|183.50|0.00|734.00
1698|573|4|8|147.00|5.00|1117.20
1699|573|15|6|345.75|5.00|1970.78
1700|574|29|3|597.25|0.00|1791.75
1701|574|7|7|201.75|0.00|1412.25
1702|574|39|9|777.75|0.00|6999.75
1703|574|15|10|345.75|0.00|3457.50
1704|574|16|11|363.00|0.00|3993.00
1705|575|40|8|795.00|0.00|6360.00
1706|575|12|2|291.00|15.00|494.70
1707|575|34|5|687.50|10.00|3093.75
1708|575|2|1|111.50|0.00|111.50
1709|576|5|12|165.25|0.00|1983.00
1710|576|32|5|651.00|0.00|3255.00
1711|577|9|5|237.25|15.00|1008.31
1712|577|40|11|795.00|0.00|8745.00
1713|577|11|4|273.75|15.00|930.75
1714|577|24|3|507.00|10.00|1368.90
1715|577|11|10|273.75|5.00|2600.63
1716|578|18|4|399.50|5.00|1518.10
1717|579|3|1|129.75|15.00|110.29
1718|579|11|9|273.75|15.00|2094.19
1719|579|15|6|345.75|10.00|1867.05
1720|579|8|12|219.00|0.00|2628.00
1721|579|29|3|597.25|0.00|1791.75
1722|580|40|2|795.00|0.00|1590.00
1723|580|7|10|201.75|10.00|1815.75
1724|581|27|3|561.75|5.00|1600.99
1725|581|37|2|741.25|0.00|1482.50
1726|581|3|4|129.75|10.00|467.10
1727|581|27|1|561.75|0.00|561.75
1728|581|25|3|525.25|10.00|1418.18
1729|582|40|9|795.00|0.00|7155.00
1730|583|10|1|255.50|10.00|229.95
1731|584|11|8|273.75|0.00|2190.00
1732|584|40|11|795.00|0.00|8745.00
1733|585|30|5|615.50|15.00|2615.88
1734|585|9|9|237.25|0.00|2135.25
1735|586|36|1|723.00|0.00|723.00
1736|587|17|5|381.25|0.00|1906.25
1737|588|19|9|417.75|0.00|3759.75
1738|589|9|10|237.25|5.00|2253.88
1739|590|25|2|525.25|15.00|892.93
1740|590|40|6|795.00|0.00|4770.00
1741|590|28|4|579.00|15.00|1968.60
1742|590|29|2|597.25|0.00|1194.50
1743|590|5|5|165.25|0.00|826.25
1744|591|11|8|273.75|15.00|1861.50
1745|591|34|2|687.50|0.00|1375.00
1746|591|32|12|651.00|10.00|7030.80
1747|592|35|1|705.75|10.00|635.18
1748|592|26|3|543.50|15.00|1385.93
1749|592|7|11|201.75|15.00|1886.36
1750|593|40|2|795.00|10.00|1431.00
1751|593|5|10|165.25|0.00|1652.50
1752|593|21|10|453.25|10.00|4079.25
1753|593|3|3|129.75|0.00|389.25
1754|594|26|9|543.50|15.00|4157.78
1755|595|33|9|669.25|15.00|5119.76
1756|595|8|11|219.00|15.00|2047.65
1757|595|40|7|795.00|0.00|5565.00
1758|595|2|9|111.50|0.00|1003.50
1759|595|13|1|309.25|15.00|262.86
1760|596|15|8|345.75|10.00|2489.40
1761|596|6|8|183.50|0.00|1468.00
1762|596|31|11|633.75|0.00|6971.25
1763|596|1|10|93.25|0.00|932.50
1764|597|26|5|543.50|0.00|2717.50
1765|597|1|3|93.25|15.00|237.79
1766|597|23|7|489.75|15.00|2914.01
1767|598|9|2|237.25|0.00|474.50
1768|599|30|3|615.50|15.00|1569.53
1769|599|38|10|759.50|0.00|7595.00
1770|599|1|5|93.25|10.00|419.63
1771|599|5|1|165.25|0.00|165.25
1772|599|21|11|453.25|15.00|4237.89
1773|600|7|1|201.75|10.00|181.58
1774|601|20|9|435.00|15.00|3327.75
1775|601|17|7|381.25|10.00|2401.88
1776|602|1|12|93.25|10.00|1007.10
1777|602|9|1|237.25|0.00|237.25
1778|603|27|7|561.75|0.00|3932.25
1779|604|28|8|579.00|0.00|4632.00
1780|604|13|4|309.25|5.00|1175.15
1781|604|12|9|291.00|0.00|2619.00
1782|604|3|11|129.75|15.00|1213.16
1783|605|35|7|705.75|0.00|4940.25
1784|605|3|5|129.75|15.00|551.44
1785|605|29|3|597.25|0.00|1791.75
1786|605|35|10|705.75|0.00|7057.50
1787|605|35|11|705.75|0.00|7763.25
1788|606|24|11|507.00|0.00|5577.00
1789|606|24|9|507.00|15.00|3878.55
1790|607|22|8|471.50|5.00|3583.40
1791|607|20|9|435.00|15.00|3327.75
1792|607|25|10|525.25|10.00|4727.25
1793|607|30|5|615.50|10.00|2769.75
1794|608|35|5|705.75|5.00|3352.31
1795|608|25|4|525.25|0.00|2101.00
1796|608|14|7|327.50|0.00|2292.50
1797|609|35|11|705.75|0.00|7763.25
1798|609|8|5|219.00|0.00|1095.00
1799|610|26|3|543.50|0.00|1630.50
1800|610|40|4|795.00|15.00|2703.00
1801|610|26|2|543.50|0.00|1087.00
1802|611|6|12|183.50|10.00|1981.80
1803|611|39|2|777.75|0.00|1555.50
1804|611|35|5|705.75|0.00|3528.75
1805|611|36|4|723.00|15.00|2458.20
1806|611|34|2|687.50|10.00|1237.50
1807|612|29|10|597.25|10.00|5375.25
1808|612|33|11|669.25|10.00|6625.58
1809|612|7|9|201.75|0.00|1815.75
1810|612|38|12|759.50|0.00|9114.00
1811|612|25|9|525.25|15.00|4018.16
1812|613|35|11|705.75|0.00|7763.25
1813|614|23|2|489.75|15.00|832.58
1814|615|1|5|93.25|0.00|466.25
1815|615|39|3|777.75|0.00|2333.25
1816|616|5|8|165.25|15.00|1123.70
1817|616|38|4|759.50|0.00|3038.00
1818|616|6|8|183.50|0.00|1468.00
1819|616|5|11|165.25|0.00|1817.75
1820|616|4|9|147.00|0.00|1323.00
1821|617|34|10|687.50|0.00|6875.00
1822|617|36|3|723.00|0.00|2169.00
1823|617|25|4|525.25|10.00|1890.90
1824|618|29|8|597.25|0.00|4778.00
1825|618|40|11|795.00|15.00|7433.25
1826|618|32|5|651.00|15.00|2766.75
1827|619|12|12|291.00|15.00|2968.20
1828|620|4|7|147.00|0.00|1029.00
1829|620|37|8|741.25|0.00|5930.00
1830|620|30|2|615.50|0.00|1231.00
1831|620|9|1|237.25|10.00|213.53
1832|620|1|6|93.25|5.00|531.53
1833|621|20|6|435.00|0.00|2610.00
1834|622|22|2|471.50|0.00|943.00
1835|622|7|7|201.75|0.00|1412.25
1836|622|34|8|687.50|15.00|4675.00
1837|622|22|11|471.50|10.00|4667.85
1838|623|32|7|651.00|0.00|4557.00
1839|624|13|6|309.25|0.00|1855.50
1840|625|1|7|93.25|0.00|652.75
1841|625|15|6|345.75|0.00|2074.50
1842|626|6|7|183.50|15.00|1091.83
1843|627|6|3|183.50|10.00|495.45
1844|627|20|12|435.00|0.00|5220.00
1845|627|29|10|597.25|15.00|5076.63
1846|628|32|5|651.00|0.00|3255.00
1847|628|15|1|345.75|5.00|328.46
1848|629|35|12|705.75|0.00|8469.00
1849|629|3|8|129.75|0.00|1038.00
1850|630|38|1|759.50|15.00|645.58
1851|630|4|12|147.00|0.00|1764.00
1852|631|3|12|129.75|10.00|1401.30
1853|632|15|4|345.75|15.00|1175.55
1854|632|16|7|363.00|0.00|2541.00
1855|633|37|11|741.25|0.00|8153.75
1856|633|2|12|111.50|5.00|1271.10
1857|633|24|5|507.00|0.00|2535.00
1858|633|6|2|183.50|0.00|367.00
1859|633|31|7|633.75|10.00|3992.63
1860|634|19|9|417.75|0.00|3759.75
1861|634|2|9|111.50|0.00|1003.50
1862|634|13|5|309.25|5.00|1468.94
1863|634|5|10|165.25|0.00|1652.50
1864|634|18|9|399.50|0.00|3595.50
1865|635|38|7|759.50|0.00|5316.50
1866|636|24|2|507.00|5.00|963.30
1867|636|20|12|435.00|15.00|4437.00
1868|636|15|7|345.75|5.00|2299.24
1869|636|23|7|489.75|0.00|3428.25
1870|636|6|2|183.50|0.00|367.00
1871|637|40|10|795.00|10.00|7155.00
1872|638|23|2|489.75|0.00|979.50
1873|638|7|2|201.75|0.00|403.50
1874|638|36|8|723.00|0.00|5784.00
1875|639|21|1|453.25|0.00|453.25
1876|639|7|5|201.75|0.00|1008.75
1877|639|40|9|795.00|15.00|6081.75
1878|639|38|9|759.50|0.00|6835.50
1879|640|38|12|759.50|15.00|7746.90
1880|640|1|5|93.25|0.00|466.25
1881|641|9|11|237.25|0.00|2609.75
1882|641|14|3|327.50|15.00|835.13
1883|641|13|1|309.25|15.00|262.86
1884|642|31|11|633.75|0.00|6971.25
1885|642|30|6|615.50|15.00|3139.05
1886|643|40|5|795.00|0.00|3975.00
1887|643|9|12|237.25|15.00|2419.95
1888|644|13|2|309.25|0.00|618.50
1889|644|22|7|471.50|0.00|3300.50
1890|644|32|3|651.00|0.00|1953.00
1891|644|36|7|723.00|5.00|4807.95
1892|645|13|2|309.25|0.00|618.50
1893|645|24|2|507.00|15.00|861.90
1894|645|23|9|489.75|0.00|4407.75
1895|646|8|10|219.00|5.00|2080.50
1896|646|32|1|651.00|15.00|553.35
1897|646|13|3|309.25|15.00|788.59
1898|646|18|1|399.50|15.00|339.58
1899|647|35|2|705.75|0.00|1411.50
1900|647|13|11|309.25|5.00|3231.66
1901|647|23|2|489.75|0.00|979.50
1902|647|37|4|741.25|5.00|2816.75
1903|648|15|4|345.75|15.00|1175.55
1904|648|26|1|543.50|0.00|543.50
1905|648|35|2|705.75|0.00|1411.50
1906|649|7|9|201.75|10.00|1634.18
1907|650|33|1|669.25|10.00|602.33
1908|650|23|5|489.75|15.00|2081.44
1909|650|17|10|381.25|5.00|3621.88
1910|650|26|2|543.50|15.00|923.95
1911|650|37|3|741.25|0.00|2223.75
1912|651|3|5|129.75|0.00|648.75
1913|651|3|1|129.75|0.00|129.75
1914|651|24|12|507.00|0.00|6084.00
1915|652|12|6|291.00|10.00|1571.40
1916|652|30|6|615.50|0.00|3693.00
1917|653|27|4|561.75|0.00|2247.00
1918|653|10|12|255.50|5.00|2912.70
1919|653|30|9|615.50|0.00|5539.50
1920|653|33|9|669.25|10.00|5420.93
1921|653|40|11|795.00|0.00|8745.00
1922|654|37|8|741.25|15.00|5040.50
1923|655|36|8|723.00|15.00|4916.40
1924|655|19|4|417.75|0.00|1671.00
1925|655|2|4|111.50|10.00|401.40
1926|655|6|2|183.50|15.00|311.95
1927|656|5|12|165.25|15.00|1685.55
1928|656|30|10|615.50|0.00|6155.00
1929|656|3|1|129.75|15.00|110.29
1930|657|1|5|93.25|0.00|466.25
1931|657|15|2|345.75|5.00|656.93
1932|658|19|11|417.75|5.00|4365.49
1933|658|14|6|327.50|0.00|1965.00
1934|658|22|10|471.50|5.00|4479.25
1935|659|11|1|273.75|15.00|232.69
1936|659|21|9|453.25|0.00|4079.25
1937|659|30|5|615.50|15.00|2615.88
1938|659|17|1|381.25|0.00|381.25
1939|659|1|12|93.25|15.00|951.15
1940|660|17|9|381.25|5.00|3259.69
1941|660|14|4|327.50|0.00|1310.00
1942|660|32|8|651.00|0.00|5208.00
1943|660|7|5|201.75|10.00|907.88
1944|661|40|10|795.00|10.00|7155.00
1945|661|16|1|363.00|5.00|344.85
1946|661|4|8|147.00|5.00|1117.20
1947|661|32|8|651.00|5.00|4947.60
1948|661|39|5|777.75|0.00|3888.75
1949|662|38|1|759.50|5.00|721.53
1950|662|9|7|237.25|0.00|1660.75
1951|663|32|2|651.00|0.00|1302.00
1952|663|18|8|399.50|5.00|3036.20
1953|663|25|8|525.25|0.00|4202.00
1954|664|40|7|795.00|0.00|5565.00
1955|665|20|12|435.00|0.00|5220.00
1956|666|14|2|327.50|0.00|655.00
1957|666|38|3|759.50|0.00|2278.50
1958|666|40|10|795.00|0.00|7950.00
1959|666|5|5|165.25|0.00|826.25
1960|666|30|1|615.50|0.00|615.50
1961|667|34|11|687.50|5.00|7184.38
1962|667|34|1|687.50|15.00|584.38
1963|667|40|6|795.00|10.00|4293.00
1964|667|11|4|273.75|0.00|1095.00
1965|668|21|1|453.25|0.00|453.25
1966|668|26|10|543.50|0.00|5435.00
1967|668|26|6|543.50|5.00|3097.95
1968|668|9|12|237.25|10.00|2562.30
1969|668|31|7|633.75|0.00|4436.25
1970|669|6|10|183.50|15.00|1559.75
1971|669|19|4|417.75|0.00|1671.00
1972|669|11|9|273.75|0.00|2463.75
1973|669|10|12|255.50|10.00|2759.40
1974|670|8|2|219.00|0.00|438.00
1975|670|22|8|471.50|5.00|3583.40
1976|670|37|12|741.25|0.00|8895.00
1977|671|11|6|273.75|5.00|1560.38
1978|671|7|12|201.75|0.00|2421.00
1979|671|19|11|417.75|0.00|4595.25
1980|671|36|9|723.00|10.00|5856.30
1981|672|20|1|435.00|15.00|369.75
1982|672|34|10|687.50|0.00|6875.00
1983|672|6|3|183.50|15.00|467.93
1984|672|37|10|741.25|0.00|7412.50
1985|673|3|1|129.75|5.00|123.26
1986|673|40|8|795.00|0.00|6360.00
1987|673|5|3|165.25|0.00|495.75
1988|673|19|8|417.75|0.00|3342.00
1989|674|14|3|327.50|5.00|933.38
1990|674|18|10|399.50|5.00|3795.25
1991|674|33|3|669.25|5.00|1907.36
1992|675|18|9|399.50|0.00|3595.50
1993|675|26|7|543.50|0.00|3804.50
1994|675|25|4|525.25|0.00|2101.00
1995|676|1|12|93.25|0.00|1119.00
1996|677|20|7|435.00|10.00|2740.50
1997|677|2|5|111.50|5.00|529.63
1998|677|35|5|705.75|15.00|2999.44
1999|677|16|3|363.00|0.00|1089.00
2000|677|33|1|669.25|15.00|568.86
2001|678|32|8|651.00|0.00|5208.00
2002|678|30|5|615.50|0.00|3077.50
2003|678|25|8|525.25|0.00|4202.00
2004|678|8|10|219.00|0.00|2190.00
2005|679|4|11|147.00|5.00|1536.15
2006|679|26|8|543.50|0.00|4348.00
2007|680|31|9|633.75|0.00|5703.75
2008|680|27|1|561.75|0.00|561.75
2009|680|19|10|417.75|0.00|4177.50
2010|680|36|1|723.00|10.00|650.70
2011|680|31|7|633.75|0.00|4436.25
2012|681|12|7|291.00|0.00|2037.00
2013|681|37|11|741.25|0.00|8153.75
2014|681|2|4|111.50|5.00|423.70
2015|682|9|8|237.25|0.00|1898.00
2016|682|23|5|489.75|5.00|2326.31
2017|682|25|7|525.25|15.00|3125.24
2018|682|30|9|615.50|0.00|5539.50
2019|682|25|5|525.25|5.00|2494.94
2020|683|6|4|183.50|0.00|734.00
2021|683|9|2|237.25|0.00|474.50
2022|683|14|9|327.50|5.00|2800.13
2023|684|21|9|453.25|15.00|3467.36
2024|684|3|8|129.75|10.00|934.20
2025|684|22|10|471.50|0.00|4715.00
2026|684|3|2|129.75|0.00|259.50
2027|684|4|5|147.00|0.00|735.00
2028|685|28|9|579.00|0.00|5211.00
2029|685|11|4|273.75|0.00|1095.00
2030|686|38|7|759.50|0.00|5316.50
2031|686|36|9|723.00|5.00|6181.65
2032|686|8|6|219.00|0.00|1314.00
2033|687|20|8|435.00|0.00|3480.00
2034|687|2|5|111.50|0.00|557.50
2035|687|27|11|561.75|0.00|6179.25
2036|687|3|6|129.75|10.00|700.65
2037|688|25|7|525.25|0.00|3676.75
2038|688|24|5|507.00|5.00|2408.25
2039|688|10|1|255.50|0.00|255.50
2040|689|18|8|399.50|0.00|3196.00
2041|689|9|8|237.25|0.00|1898.00
2042|689|25|11|525.25|0.00|5777.75
2043|690|37|11|741.25|10.00|7338.38
2044|690|34|11|687.50|5.00|7184.38
2045|690|1|9|93.25|15.00|713.36
2046|691|37|10|741.25|5.00|7041.88
2047|691|8|5|219.00|0.00|1095.00
2048|692|22|9|471.50|0.00|4243.50
2049|692|36|10|723.00|10.00|6507.00
2050|692|2|9|111.50|0.00|1003.50
2051|692|7|1|201.75|15.00|171.49
2052|693|10|8|255.50|15.00|1737.40
2053|693|20|2|435.00|0.00|870.00
2054|693|32|8|651.00|0.00|5208.00
2055|693|32|4|651.00|5.00|2473.80
2056|694|14|1|327.50|5.00|311.13
2057|694|31|1|633.75|5.00|602.06
2058|694|25|2|525.25|0.00|1050.50
2059|694|37|4|741.25|0.00|2965.00
2060|694|2|9|111.50|15.00|852.98
2061|695|1|12|93.25|15.00|951.15
2062|695|21|2|453.25|5.00|861.18
2063|695|34|7|687.50|0.00|4812.50
2064|695|8|12|219.00|5.00|2496.60
2065|695|37|2|741.25|15.00|1260.13
2066|696|33|2|669.25|0.00|1338.50
2067|696|28|11|579.00|0.00|6369.00
2068|696|3|10|129.75|5.00|1232.63
2069|696|22|1|471.50|15.00|400.78
2070|696|24|4|507.00|0.00|2028.00
2071|697|26|11|543.50|0.00|5978.50
2072|697|39|6|777.75|0.00|4666.50
2073|698|5|3|165.25|15.00|421.39
2074|698|15|3|345.75|10.00|933.53
2075|698|26|10|543.50|0.00|5435.00
2076|699|32|1|651.00|15.00|553.35
2077|700|36|11|723.00|10.00|7157.70
2078|700|36|4|723.00|0.00|2892.00
2079|700|23|3|489.75|10.00|1322.33
2080|701|6|10|183.50|10.00|1651.50
2081|701|19|10|417.75|0.00|4177.50
2082|702|31|11|633.75|15.00|5925.56
2083|703|5|10|165.25|5.00|1569.88
2084|703|8|7|219.00|0.00|1533.00
2085|703|15|9|345.75|0.00|3111.75
2086|704|6|3|183.50|0.00|550.50
2087|704|35|3|705.75|15.00|1799.66
2088|704|12|12|291.00|5.00|3317.40
2089|705|28|6|579.00|0.00|3474.00
2090|705|5|3|165.25|0.00|495.75
2091|705|7|1|201.75|0.00|201.75
2092|705|22|9|471.50|5.00|4031.33
2093|706|5|9|165.25|5.00|1412.89
2094|707|10|6|255.50|10.00|1379.70
2095|708|40|11|795.00|15.00|7433.25
2096|708|11|9|273.75|5.00|2340.56
2097|708|18|10|399.50|0.00|3995.00
2098|708|27|9|561.75|15.00|4297.39
2099|709|14|2|327.50|0.00|655.00
2100|709|14|2|327.50|0.00|655.00
2101|709|35|8|705.75|15.00|4799.10
2102|710|33|7|669.25|0.00|4684.75
2103|710|31|12|633.75|15.00|6464.25
2104|710|6|5|183.50|0.00|917.50
2105|710|31|5|633.75|5.00|3010.31
2106|711|16|10|363.00|0.00|3630.00
2107|711|8|9|219.00|15.00|1675.35
2108|712|40|3|795.00|0.00|2385.00
2109|712|13|12|309.25|5.00|3525.45
2110|712|9|9|237.25|0.00|2135.25
2111|712|38|3|759.50|10.00|2050.65
2112|712|39|2|777.75|0.00|1555.50
2113|713|22|9|471.50|0.00|4243.50
2114|713|2|10|111.50|5.00|1059.25
2115|713|6|6|183.50|10.00|990.90
2116|714|27|9|561.75|5.00|4802.96
2117|714|19|1|417.75|0.00|417.75
2118|715|16|2|363.00|15.00|617.10
2119|715|14|12|327.50|0.00|3930.00
2120|715|33|8|669.25|0.00|5354.00
2121|715|15|8|345.75|0.00|2766.00
2122|716|30|4|615.50|5.00|2338.90
2123|716|9|2|237.25|5.00|450.78
2124|716|37|3|741.25|0.00|2223.75
2125|717|34|3|687.50|0.00|2062.50
2126|717|30|2|615.50|0.00|1231.00
2127|718|7|8|201.75|0.00|1614.00
2128|718|23|11|489.75|15.00|4579.16
2129|718|30|4|615.50|0.00|2462.00
2130|719|37|1|741.25|0.00|741.25
2131|719|22|12|471.50|0.00|5658.00
2132|720|32|12|651.00|5.00|7421.40
2133|720|24|3|507.00|0.00|1521.00
2134|720|1|6|93.25|0.00|559.50
2135|720|17|9|381.25|0.00|3431.25
2136|721|32|2|651.00|0.00|1302.00
2137|721|14|2|327.50|0.00|655.00
2138|721|33|4|669.25|15.00|2275.45
2139|722|36|5|723.00|15.00|3072.75
2140|723|10|9|255.50|10.00|2069.55
2141|723|20|5|435.00|0.00|2175.00
2142|723|20|12|435.00|0.00|5220.00
2143|723|34|9|687.50|0.00|6187.50
2144|724|18|4|399.50|0.00|1598.00
2145|724|34|5|687.50|0.00|3437.50
2146|724|33|1|669.25|0.00|669.25
2147|724|6|4|183.50|0.00|734.00
2148|725|17|9|381.25|0.00|3431.25
2149|725|29|11|597.25|0.00|6569.75
2150|725|38|11|759.50|10.00|7519.05
2151|725|7|10|201.75|15.00|1714.88
2152|726|22|2|471.50|0.00|943.00
2153|727|6|1|183.50|10.00|165.15
2154|727|37|4|741.25|0.00|2965.00
2155|727|19|7|417.75|10.00|2631.83
2156|727|28|5|579.00|15.00|2460.75
2157|727|18|6|399.50|5.00|2277.15
2158|728|35|9|705.75|0.00|6351.75
2159|728|29|5|597.25|0.00|2986.25
2160|728|38|6|759.50|5.00|4329.15
2161|729|15|8|345.75|5.00|2627.70
2162|729|20|3|435.00|10.00|1174.50
2163|729|10|10|255.50|0.00|2555.00
2164|730|21|3|453.25|0.00|1359.75
2165|731|14|3|327.50|5.00|933.38
2166|732|2|5|111.50|15.00|473.88
2167|732|10|11|255.50|5.00|2669.98
2168|732|38|11|759.50|0.00|8354.50
2169|732|23|4|489.75|5.00|1861.05
2170|732|11|7|273.75|0.00|1916.25
2171|733|29|5|597.25|10.00|2687.63
2172|733|14|11|327.50|15.00|3062.13
2173|733|35|8|705.75|15.00|4799.10
2174|734|14|4|327.50|10.00|1179.00
2175|734|33|10|669.25|15.00|5688.63
2176|734|3|4|129.75|10.00|467.10
2177|734|29|1|597.25|0.00|597.25
2178|734|30|1|615.50|0.00|615.50
2179|735|22|9|471.50|15.00|3606.98
2180|735|22|3|471.50|10.00|1273.05
2181|735|22|9|471.50|0.00|4243.50
2182|735|22|12|471.50|5.00|5375.10
2183|736|26|11|543.50|5.00|5679.58
2184|736|23|8|489.75|0.00|3918.00
2185|736|2|8|111.50|15.00|758.20
2186|736|32|1|651.00|10.00|585.90
2187|737|6|12|183.50|0.00|2202.00
2188|737|9|7|237.25|0.00|1660.75
2189|737|28|3|579.00|5.00|1650.15
2190|737|18|7|399.50|0.00|2796.50
2191|737|11|8|273.75|0.00|2190.00
2192|738|1|7|93.25|0.00|652.75
2193|739|27|7|561.75|10.00|3539.03
2194|740|24|2|507.00|0.00|1014.00
2195|741|11|11|273.75|0.00|3011.25
2196|741|7|9|201.75|15.00|1543.39
2197|741|14|8|327.50|5.00|2489.00
2198|742|31|3|633.75|10.00|1711.13
2199|742|36|7|723.00|10.00|4554.90
2200|742|31|2|633.75|0.00|1267.50
2201|742|25|4|525.25|10.00|1890.90
2202|742|30|12|615.50|0.00|7386.00
2203|743|40|6|795.00|10.00|4293.00
2204|743|16|12|363.00|15.00|3702.60
2205|743|16|7|363.00|10.00|2286.90
2206|743|32|10|651.00|15.00|5533.50
2207|743|37|12|741.25|0.00|8895.00
2208|744|32|7|651.00|15.00|3873.45
2209|744|30|11|615.50|10.00|6093.45
2210|744|26|7|543.50|0.00|3804.50
2211|745|2|7|111.50|0.00|780.50
2212|746|14|1|327.50|10.00|294.75
2213|747|24|4|507.00|10.00|1825.20
2214|747|16|11|363.00|15.00|3394.05
2215|748|17|3|381.25|0.00|1143.75
2216|748|11|7|273.75|10.00|1724.63
2217|749|34|10|687.50|0.00|6875.00
2218|750|36|7|723.00|0.00|5061.00
2219|750|5|12|165.25|15.00|1685.55
2220|750|36|10|723.00|0.00|7230.00
2221|751|25|9|525.25|0.00|4727.25
2222|751|25|12|525.25|0.00|6303.00
2223|751|29|4|597.25|10.00|2150.10
2224|751|32|9|651.00|0.00|5859.00
2225|752|8|10|219.00|0.00|2190.00
2226|753|3|7|129.75|5.00|862.84
2227|753|16|1|363.00|5.00|344.85
2228|754|4|6|147.00|15.00|749.70
2229|754|19|7|417.75|15.00|2485.61
2230|754|12|3|291.00|5.00|829.35
2231|754|22|5|471.50|15.00|2003.88
2232|754|27|10|561.75|0.00|5617.50
2233|755|25|8|525.25|5.00|3991.90
2234|755|8|3|219.00|5.00|624.15
2235|755|15|10|345.75|0.00|3457.50
2236|755|26|3|543.50|10.00|1467.45
2237|755|10|12|255.50|0.00|3066.00
2238|756|36|5|723.00|15.00|3072.75
2239|756|5|4|165.25|15.00|561.85
2240|756|16|9|363.00|0.00|3267.00
2241|756|21|2|453.25|0.00|906.50
2242|756|7|3|201.75|0.00|605.25
2243|757|13|7|309.25|0.00|2164.75
2244|757|25|10|525.25|10.00|4727.25
2245|758|12|12|291.00|15.00|2968.20
2246|758|12|8|291.00|0.00|2328.00
2247|758|17|2|381.25|5.00|724.38
2248|758|32|4|651.00|0.00|2604.00
2249|759|15|11|345.75|5.00|3613.09
2250|759|24|12|507.00|0.00|6084.00
2251|759|38|3|759.50|5.00|2164.58
2252|759|33|6|669.25|15.00|3413.18
2253|759|30|8|615.50|0.00|4924.00
2254|760|20|6|435.00|10.00|2349.00
2255|760|33|6|669.25|10.00|3613.95
2256|760|5|8|165.25|10.00|1189.80
2257|761|17|8|381.25|0.00|3050.00
2258|761|19|4|417.75|5.00|1587.45
2259|761|14|1|327.50|15.00|278.38
2260|761|30|6|615.50|15.00|3139.05
2261|762|34|10|687.50|0.00|6875.00
2262|762|1|8|93.25|0.00|746.00
2263|762|27|6|561.75|0.00|3370.50
2264|762|23|7|489.75|5.00|3256.84
2265|763|19|5|417.75|0.00|2088.75
2266|763|33|7|669.25|10.00|4216.28
2267|763|15|11|345.75|10.00|3422.93
2268|764|5|10|165.25|0.00|1652.50
2269|764|4|9|147.00|15.00|1124.55
2270|765|31|9|633.75|0.00|5703.75
2271|765|7|4|201.75|10.00|726.30
2272|765|31|5|633.75|0.00|3168.75
2273|766|38|5|759.50|0.00|3797.50
2274|766|4|5|147.00|0.00|735.00
2275|766|39|5|777.75|10.00|3499.88
2276|767|10|4|255.50|0.00|1022.00
2277|767|38|9|759.50|0.00|6835.50
2278|767|1|9|93.25|0.00|839.25
2279|768|32|10|651.00|0.00|6510.00
2280|768|17|5|381.25|0.00|1906.25
2281|768|9|6|237.25|0.00|1423.50
2282|769|26|10|543.50|0.00|5435.00
2283|769|16|4|363.00|10.00|1306.80
2284|769|4|9|147.00|0.00|1323.00
2285|769|33|1|669.25|15.00|568.86
2286|769|17|6|381.25|0.00|2287.50
2287|770|9|4|237.25|10.00|854.10
2288|770|3|2|129.75|5.00|246.53
2289|771|39|10|777.75|5.00|7388.63
2290|771|2|9|111.50|0.00|1003.50
2291|771|23|2|489.75|0.00|979.50
2292|771|5|11|165.25|0.00|1817.75
2293|771|32|7|651.00|5.00|4329.15
2294|772|25|7|525.25|5.00|3492.91
2295|772|21|8|453.25|0.00|3626.00
2296|772|28|3|579.00|15.00|1476.45
2297|773|10|1|255.50|0.00|255.50
2298|773|40|5|795.00|0.00|3975.00
2299|773|7|3|201.75|15.00|514.46
2300|773|4|9|147.00|15.00|1124.55
2301|773|18|2|399.50|0.00|799.00
2302|774|19|6|417.75|0.00|2506.50
2303|774|3|1|129.75|0.00|129.75
2304|774|40|10|795.00|5.00|7552.50
2305|774|27|8|561.75|10.00|4044.60
2306|775|31|12|633.75|0.00|7605.00
2307|775|20|5|435.00|0.00|2175.00
2308|776|32|7|651.00|10.00|4101.30
2309|776|7|9|201.75|0.00|1815.75
2310|777|29|4|597.25|10.00|2150.10
2311|777|17|8|381.25|10.00|2745.00
2312|777|29|11|597.25|15.00|5584.29
2313|778|15|5|345.75|10.00|1555.88
2314|778|8|8|219.00|0.00|1752.00
2315|778|32|2|651.00|10.00|1171.80
2316|778|37|7|741.25|0.00|5188.75
2317|778|8|3|219.00|0.00|657.00
2318|779|29|7|597.25|0.00|4180.75
2319|779|11|10|273.75|15.00|2326.88
2320|780|16|8|363.00|10.00|2613.60
2321|780|28|9|579.00|5.00|4950.45
2322|781|8|2|219.00|15.00|372.30
2323|781|23|7|489.75|15.00|2914.01
2324|781|10|12|255.50|15.00|2606.10
2325|781|29|1|597.25|0.00|597.25
2326|781|8|12|219.00|5.00|2496.60
2327|782|33|12|669.25|5.00|7629.45
2328|782|34|6|687.50|0.00|4125.00
2329|782|15|12|345.75|15.00|3526.65
2330|782|2|5|111.50|0.00|557.50
2331|783|3|11|129.75|5.00|1355.89
2332|783|22|8|471.50|15.00|3206.20
2333|783|9|5|237.25|10.00|1067.63
2334|783|26|4|543.50|5.00|2065.30
2335|784|31|10|633.75|0.00|6337.50
2336|784|10|8|255.50|15.00|1737.40
2337|785|21|11|453.25|10.00|4487.18
2338|785|17|9|381.25|5.00|3259.69
2339|785|40|1|795.00|0.00|795.00
2340|785|38|11|759.50|5.00|7936.78
2341|785|1|8|93.25|5.00|708.70
2342|786|28|9|579.00|0.00|5211.00
2343|786|20|3|435.00|5.00|1239.75
2344|787|25|10|525.25|0.00|5252.50
2345|787|29|11|597.25|5.00|6241.26
2346|787|8|7|219.00|5.00|1456.35
2347|787|35|9|705.75|0.00|6351.75
2348|787|34|4|687.50|0.00|2750.00
2349|788|27|6|561.75|0.00|3370.50
2350|788|4|12|147.00|0.00|1764.00
2351|789|25|7|525.25|15.00|3125.24
2352|789|7|3|201.75|10.00|544.73
2353|790|5|9|165.25|0.00|1487.25
2354|791|29|12|597.25|10.00|6450.30
2355|791|39|10|777.75|5.00|7388.63
2356|791|27|3|561.75|5.00|1600.99
2357|791|5|6|165.25|15.00|842.78
2358|791|36|1|723.00|15.00|614.55
2359|792|14|12|327.50|5.00|3733.50
2360|793|28|12|579.00|0.00|6948.00
2361|793|2|8|111.50|0.00|892.00
2362|794|16|11|363.00|10.00|3593.70
2363|794|13|10|309.25|0.00|3092.50
2364|794|17|9|381.25|0.00|3431.25
2365|794|38|8|759.50|15.00|5164.60
2366|794|30|10|615.50|0.00|6155.00
2367|795|17|6|381.25|0.00|2287.50
2368|795|26|1|543.50|0.00|543.50
2369|795|2|12|111.50|10.00|1204.20
2370|795|4|12|147.00|10.00|1587.60
2371|796|13|3|309.25|15.00|788.59
2372|796|32|6|651.00|0.00|3906.00
2373|796|40|11|795.00|5.00|8307.75
2374|797|2|9|111.50|15.00|852.98
2375|797|31|11|633.75|0.00|6971.25
2376|797|16|1|363.00|10.00|326.70
2377|797|8|5|219.00|0.00|1095.00
2378|798|1|8|93.25|5.00|708.70
2379|798|16|8|363.00|0.00|2904.00
2380|798|14|8|327.50|0.00|2620.00
2381|799|12|1|291.00|15.00|247.35
2382|799|30|3|615.50|0.00|1846.50
2383|800|33|6|669.25|0.00|4015.50
2384|801|31|7|633.75|5.00|4214.44
2385|802|5|6|165.25|5.00|941.93
2386|802|32|9|651.00|10.00|5273.10
2387|802|10|1|255.50|0.00|255.50
2388|803|20|6|435.00|5.00|2479.50
2389|804|2|8|111.50|5.00|847.40
2390|804|33|1|669.25|0.00|669.25
2391|804|24|7|507.00|0.00|3549.00
2392|805|37|6|741.25|0.00|4447.50
2393|805|12|4|291.00|15.00|989.40
2394|805|2|11|111.50|0.00|1226.50
2395|806|26|10|543.50|0.00|5435.00
2396|806|26|10|543.50|0.00|5435.00
2397|807|34|7|687.50|0.00|4812.50
2398|807|38|5|759.50|5.00|3607.63
2399|807|20|7|435.00|10.00|2740.50
2400|807|17|11|381.25|0.00|4193.75
2401|808|24|7|507.00|0.00|3549.00
2402|808|1|7|93.25|0.00|652.75
2403|808|23|11|489.75|5.00|5117.89
2404|808|40|3|795.00|10.00|2146.50
2405|808|37|12|741.25|0.00|8895.00
2406|809|28|5|579.00|10.00|2605.50
2407|809|33|7|669.25|10.00|4216.28
2408|809|7|2|201.75|10.00|363.15
2409|809|22|12|471.50|0.00|5658.00
2410|810|19|5|417.75|5.00|1984.31
2411|810|33|5|669.25|0.00|3346.25
2412|810|12|2|291.00|0.00|582.00
2413|810|35|1|705.75|10.00|635.18
2414|811|7|11|201.75|5.00|2108.29
2415|811|35|10|705.75|0.00|7057.50
2416|811|15|3|345.75|0.00|1037.25
2417|812|16|5|363.00|15.00|1542.75
2418|812|14|5|327.50|15.00|1391.88
2419|812|29|6|597.25|5.00|3404.33
2420|812|39|9|777.75|0.00|6999.75
2421|812|2|11|111.50|15.00|1042.53
2422|813|18|11|399.50|0.00|4394.50
2423|813|15|2|345.75|5.00|656.93
2424|813|10|3|255.50|0.00|766.50
2425|813|27|7|561.75|10.00|3539.03
2426|813|27|4|561.75|10.00|2022.30
2427|814|10|8|255.50|10.00|1839.60
2428|814|20|9|435.00|0.00|3915.00
2429|814|1|2|93.25|15.00|158.53
2430|815|27|5|561.75|10.00|2527.88
2431|815|10|2|255.50|5.00|485.45
2432|815|34|4|687.50|0.00|2750.00
2433|815|33|2|669.25|0.00|1338.50
2434|816|36|3|723.00|0.00|2169.00
2435|816|27|2|561.75|0.00|1123.50
2436|816|22|12|471.50|0.00|5658.00
2437|816|7|6|201.75|0.00|1210.50
2438|817|39|5|777.75|0.00|3888.75
2439|817|7|3|201.75|0.00|605.25
2440|817|2|12|111.50|5.00|1271.10
2441|817|19|10|417.75|0.00|4177.50
2442|818|9|9|237.25|10.00|1921.73
2443|819|36|3|723.00|10.00|1952.10
2444|819|13|6|309.25|0.00|1855.50
2445|819|36|7|723.00|0.00|5061.00
2446|819|26|2|543.50|5.00|1032.65
2447|819|19|10|417.75|0.00|4177.50
2448|820|3|7|129.75|0.00|908.25
2449|820|20|2|435.00|10.00|783.00
2450|820|11|8|273.75|15.00|1861.50
2451|820|6|3|183.50|0.00|550.50
2452|821|31|11|633.75|10.00|6274.13
2453|821|17|6|381.25|0.00|2287.50
2454|821|29|5|597.25|0.00|2986.25
2455|821|30|4|615.50|15.00|2092.70
2456|821|10|5|255.50|0.00|1277.50
2457|822|23|7|489.75|0.00|3428.25
2458|822|3|9|129.75|0.00|1167.75
2459|822|13|1|309.25|0.00|309.25
2460|822|30|11|615.50|0.00|6770.50
2461|822|9|9|237.25|0.00|2135.25
2462|823|1|3|93.25|0.00|279.75
2463|824|29|4|597.25|5.00|2269.55
2464|825|10|5|255.50|0.00|1277.50
2465|825|1|8|93.25|5.00|708.70
2466|825|16|1|363.00|15.00|308.55
2467|825|13|8|309.25|0.00|2474.00
2468|825|3|2|129.75|0.00|259.50
2469|826|25|1|525.25|15.00|446.46
2470|826|10|3|255.50|15.00|651.53
2471|827|19|8|417.75|10.00|3007.80
2472|827|28|6|579.00|0.00|3474.00
2473|827|29|9|597.25|15.00|4568.96
2474|827|31|2|633.75|5.00|1204.13
2475|828|6|10|183.50|10.00|1651.50
2476|829|2|2|111.50|0.00|223.00
2477|829|7|6|201.75|15.00|1028.93
2478|829|34|5|687.50|0.00|3437.50
2479|829|34|3|687.50|0.00|2062.50
2480|829|21|4|453.25|0.00|1813.00
2481|830|16|1|363.00|0.00|363.00
2482|831|31|12|633.75|5.00|7224.75
2483|831|19|2|417.75|0.00|835.50
2484|831|11|5|273.75|0.00|1368.75
2485|832|26|7|543.50|5.00|3614.28
2486|832|30|3|615.50|15.00|1569.53
2487|832|19|7|417.75|0.00|2924.25
2488|832|33|2|669.25|15.00|1137.73
2489|833|15|9|345.75|10.00|2800.58
2490|833|7|7|201.75|0.00|1412.25
2491|833|7|12|201.75|10.00|2178.90
2492|834|14|11|327.50|5.00|3422.38
2493|834|1|12|93.25|5.00|1063.05
2494|834|26|2|543.50|0.00|1087.00
2495|834|28|4|579.00|0.00|2316.00
2496|835|15|3|345.75|0.00|1037.25
2497|835|39|4|777.75|0.00|3111.00
2498|835|29|4|597.25|0.00|2389.00
2499|836|38|4|759.50|5.00|2886.10
2500|836|40|4|795.00|0.00|3180.00
2501|837|13|9|309.25|5.00|2644.09
2502|837|28|7|579.00|10.00|3647.70
2503|838|30|3|615.50|5.00|1754.18
2504|838|28|5|579.00|0.00|2895.00
2505|838|22|8|471.50|15.00|3206.20
2506|838|26|12|543.50|15.00|5543.70
2507|838|37|8|741.25|0.00|5930.00
2508|839|28|4|579.00|10.00|2084.40
2509|839|36|5|723.00|10.00|3253.50
2510|839|2|2|111.50|0.00|223.00
2511|840|4|5|147.00|5.00|698.25
2512|841|36|12|723.00|0.00|8676.00
2513|841|3|12|129.75|10.00|1401.30
2514|841|21|11|453.25|0.00|4985.75
2515|841|23|8|489.75|0.00|3918.00
2516|842|30|5|615.50|15.00|2615.88
2517|842|14|5|327.50|0.00|1637.50
2518|843|38|8|759.50|5.00|5772.20
2519|843|2|4|111.50|0.00|446.00
2520|843|34|4|687.50|0.00|2750.00
2521|844|8|7|219.00|0.00|1533.00
2522|844|17|5|381.25|15.00|1620.31
2523|844|1|10|93.25|5.00|885.88
2524|845|1|6|93.25|5.00|531.53
2525|846|26|11|543.50|5.00|5679.58
2526|846|18|7|399.50|5.00|2656.68
2527|846|3|2|129.75|10.00|233.55
2528|846|40|2|795.00|10.00|1431.00
2529|846|20|3|435.00|0.00|1305.00
2530|847|27|4|561.75|0.00|2247.00
2531|848|24|10|507.00|0.00|5070.00
2532|848|19|1|417.75|0.00|417.75
2533|849|37|9|741.25|0.00|6671.25
2534|849|10|9|255.50|5.00|2184.53
2535|850|35|6|705.75|10.00|3811.05
2536|850|25|8|525.25|0.00|4202.00
2537|850|31|4|633.75|10.00|2281.50
2538|851|37|7|741.25|0.00|5188.75
2539|851|9|8|237.25|5.00|1803.10
2540|852|18|2|399.50|5.00|759.05
2541|852|38|11|759.50|5.00|7936.78
2542|852|37|5|741.25|15.00|3150.31
2543|853|2|4|111.50|0.00|446.00
2544|854|1|8|93.25|10.00|671.40
2545|855|12|3|291.00|15.00|742.05
2546|855|33|8|669.25|0.00|5354.00
2547|855|35|7|705.75|0.00|4940.25
2548|855|20|4|435.00|0.00|1740.00
2549|855|18|12|399.50|10.00|4314.60
2550|856|36|11|723.00|15.00|6760.05
2551|856|34|3|687.50|0.00|2062.50
2552|856|7|7|201.75|10.00|1271.03
2553|857|32|12|651.00|15.00|6640.20
2554|857|31|12|633.75|10.00|6844.50
2555|857|12|4|291.00|0.00|1164.00
2556|857|17|7|381.25|0.00|2668.75
2557|857|31|4|633.75|0.00|2535.00
2558|858|30|12|615.50|15.00|6278.10
2559|858|13|6|309.25|0.00|1855.50
2560|858|38|4|759.50|0.00|3038.00
2561|859|7|12|201.75|0.00|2421.00
2562|859|35|2|705.75|0.00|1411.50
2563|860|30|4|615.50|0.00|2462.00
2564|860|21|3|453.25|0.00|1359.75
2565|861|6|8|183.50|0.00|1468.00
2566|861|21|1|453.25|5.00|430.59
2567|861|13|7|309.25|10.00|1948.28
2568|861|11|7|273.75|0.00|1916.25
2569|862|30|6|615.50|0.00|3693.00
2570|862|32|6|651.00|0.00|3906.00
2571|862|8|5|219.00|0.00|1095.00
2572|862|3|3|129.75|15.00|330.86
2573|862|7|9|201.75|0.00|1815.75
2574|863|6|5|183.50|15.00|779.88
2575|864|19|2|417.75|10.00|751.95
2576|865|30|6|615.50|5.00|3508.35
2577|865|32|1|651.00|15.00|553.35
2578|866|16|7|363.00|0.00|2541.00
2579|866|6|9|183.50|5.00|1568.93
2580|866|11|7|273.75|10.00|1724.63
2581|866|3|2|129.75|10.00|233.55
2582|866|4|3|147.00|0.00|441.00
2583|867|32|9|651.00|5.00|5566.05
2584|868|20|4|435.00|0.00|1740.00
2585|868|32|3|651.00|10.00|1757.70
2586|868|4|12|147.00|0.00|1764.00
2587|869|2|10|111.50|10.00|1003.50
2588|870|32|3|651.00|0.00|1953.00
2589|870|35|8|705.75|0.00|5646.00
2590|870|20|11|435.00|5.00|4545.75
2591|870|4|12|147.00|15.00|1499.40
2592|870|32|5|651.00|15.00|2766.75
2593|871|27|9|561.75|10.00|4550.18
2594|872|39|2|777.75|0.00|1555.50
2595|872|14|7|327.50|0.00|2292.50
2596|872|34|11|687.50|5.00|7184.38
2597|872|13|3|309.25|15.00|788.59
2598|872|28|6|579.00|10.00|3126.60
2599|873|40|11|795.00|0.00|8745.00
2600|873|1|1|93.25|0.00|93.25
2601|873|16|9|363.00|0.00|3267.00
2602|873|14|10|327.50|5.00|3111.25
2603|873|13|11|309.25|5.00|3231.66
2604|874|31|7|633.75|15.00|3770.81
2605|874|29|5|597.25|15.00|2538.31
2606|874|20|10|435.00|0.00|4350.00
2607|874|17|11|381.25|0.00|4193.75
2608|875|10|5|255.50|0.00|1277.50
2609|875|29|5|597.25|0.00|2986.25
2610|875|38|6|759.50|5.00|4329.15
2611|875|38|11|759.50|0.00|8354.50
2612|875|18|3|399.50|0.00|1198.50
2613|876|35|9|705.75|15.00|5398.99
2614|876|31|3|633.75|15.00|1616.06
2615|876|2|10|111.50|0.00|1115.00
2616|876|23|8|489.75|0.00|3918.00
2617|877|3|1|129.75|15.00|110.29
2618|877|2|3|111.50|0.00|334.50
2619|877|39|12|777.75|0.00|9333.00
2620|878|2|2|111.50|0.00|223.00
2621|878|21|6|453.25|0.00|2719.50
2622|878|24|9|507.00|15.00|3878.55
2623|878|36|10|723.00|0.00|7230.00
2624|879|5|9|165.25|15.00|1264.16
2625|879|26|10|543.50|0.00|5435.00
2626|879|40|7|795.00|0.00|5565.00
2627|880|28|9|579.00|0.00|5211.00
2628|880|15|4|345.75|0.00|1383.00
2629|880|6|4|183.50|10.00|660.60
2630|880|27|10|561.75|0.00|5617.50
2631|881|16|2|363.00|15.00|617.10
2632|881|17|2|381.25|10.00|686.25
2633|881|36|1|723.00|5.00|686.85
2634|882|14|9|327.50|15.00|2505.38
2635|883|16|11|363.00|0.00|3993.00
2636|883|3|3|129.75|0.00|389.25
2637|883|19|1|417.75|10.00|375.98
2638|883|38|5|759.50|0.00|3797.50
2639|884|30|9|615.50|0.00|5539.50
2640|884|26|12|543.50|0.00|6522.00
2641|884|8|11|219.00|10.00|2168.10
2642|884|12|9|291.00|0.00|2619.00
2643|885|35|6|705.75|5.00|4022.78
2644|885|29|7|597.25|0.00|4180.75
2645|885|39|12|777.75|0.00|9333.00
2646|886|15|6|345.75|10.00|1867.05
2647|886|21|7|453.25|0.00|3172.75
2648|887|18|4|399.50|15.00|1358.30
2649|887|2|9|111.50|5.00|953.33
2650|888|13|7|309.25|0.00|2164.75
2651|888|25|8|525.25|0.00|4202.00
2652|888|22|12|471.50|10.00|5092.20
2653|888|9|8|237.25|10.00|1708.20
2654|889|37|10|741.25|0.00|7412.50
2655|889|13|8|309.25|0.00|2474.00
2656|889|22|7|471.50|0.00|3300.50
2657|890|7|6|201.75|0.00|1210.50
2658|890|40|1|795.00|5.00|755.25
2659|890|39|3|777.75|0.00|2333.25
2660|890|39|11|777.75|0.00|8555.25
2661|891|24|6|507.00|0.00|3042.00
2662|891|23|3|489.75|0.00|1469.25
2663|891|23|10|489.75|0.00|4897.50
2664|892|12|10|291.00|0.00|2910.00
2665|892|32|6|651.00|5.00|3710.70
2666|893|2|3|111.50|0.00|334.50
2667|893|30|4|615.50|15.00|2092.70
2668|894|27|9|561.75|10.00|4550.18
2669|895|21|5|453.25|0.00|2266.25
2670|895|13|12|309.25|0.00|3711.00
2671|895|14|12|327.50|0.00|3930.00
2672|895|4|1|147.00|15.00|124.95
2673|896|7|11|201.75|15.00|1886.36
2674|896|5|4|165.25|10.00|594.90
2675|896|40|9|795.00|5.00|6797.25
2676|896|3|10|129.75|10.00|1167.75
2677|896|20|11|435.00|0.00|4785.00
2678|897|12|9|291.00|0.00|2619.00
2679|898|34|5|687.50|0.00|3437.50
2680|898|39|9|777.75|0.00|6999.75
2681|898|34|8|687.50|0.00|5500.00
2682|898|2|9|111.50|10.00|903.15
2683|899|24|9|507.00|15.00|3878.55
2684|899|18|10|399.50|15.00|3395.75
2685|900|1|9|93.25|0.00|839.25
2686|900|35|9|705.75|0.00|6351.75
2687|900|23|8|489.75|0.00|3918.00
2688|900|27|2|561.75|0.00|1123.50
2689|901|3|12|129.75|0.00|1557.00
2690|902|37|10|741.25|10.00|6671.25
2691|902|19|1|417.75|0.00|417.75
2692|902|16|1|363.00|0.00|363.00
2693|902|21|3|453.25|0.00|1359.75
2694|903|5|9|165.25|10.00|1338.53
2695|903|16|10|363.00|5.00|3448.50
2696|903|39|6|777.75|0.00|4666.50
2697|903|3|7|129.75|15.00|772.01
2698|904|17|7|381.25|0.00|2668.75
2699|904|24|2|507.00|15.00|861.90
2700|904|16|2|363.00|0.00|726.00
2701|905|21|5|453.25|0.00|2266.25
2702|905|3|4|129.75|0.00|519.00
2703|905|16|9|363.00|10.00|2940.30
2704|906|22|11|471.50|0.00|5186.50
2705|906|38|8|759.50|0.00|6076.00
2706|906|34|8|687.50|0.00|5500.00
2707|906|29|10|597.25|5.00|5673.88
2708|907|25|7|525.25|0.00|3676.75
2709|908|13|9|309.25|0.00|2783.25
2710|909|37|6|741.25|15.00|3780.38
2711|910|38|2|759.50|5.00|1443.05
2712|910|2|6|111.50|5.00|635.55
2713|910|7|8|201.75|15.00|1371.90
2714|910|34|2|687.50|5.00|1306.25
2715|910|11|4|273.75|0.00|1095.00
2716|911|3|1|129.75|0.00|129.75
2717|912|31|10|633.75|15.00|5386.88
2718|912|31|2|633.75|5.00|1204.13
2719|912|19|1|417.75|10.00|375.98
2720|912|35|11|705.75|15.00|6598.76
2721|912|39|2|777.75|0.00|1555.50
2722|913|7|6|201.75|0.00|1210.50
2723|913|35|6|705.75|0.00|4234.50
2724|913|20|1|435.00|0.00|435.00
2725|913|30|3|615.50|10.00|1661.85
2726|914|36|7|723.00|0.00|5061.00
2727|914|5|2|165.25|5.00|313.98
2728|914|9|6|237.25|5.00|1352.33
2729|914|36|10|723.00|0.00|7230.00
2730|914|14|5|327.50|10.00|1473.75
2731|915|39|9|777.75|0.00|6999.75
2732|915|17|11|381.25|0.00|4193.75
2733|915|33|7|669.25|0.00|4684.75
2734|915|13|9|309.25|0.00|2783.25
2735|916|9|8|237.25|5.00|1803.10
2736|916|17|6|381.25|0.00|2287.50
2737|917|32|3|651.00|5.00|1855.35
2738|918|4|10|147.00|15.00|1249.50
2739|918|12|11|291.00|5.00|3040.95
2740|918|15|6|345.75|15.00|1763.33
2741|918|17|10|381.25|5.00|3621.88
2742|919|39|2|777.75|0.00|1555.50
2743|919|10|10|255.50|0.00|2555.00
2744|919|9|4|237.25|5.00|901.55
2745|919|37|6|741.25|10.00|4002.75
2746|919|34|12|687.50|0.00|8250.00
2747|920|18|5|399.50|0.00|1997.50
2748|920|29|5|597.25|15.00|2538.31
2749|920|24|2|507.00|0.00|1014.00
2750|921|31|7|633.75|10.00|3992.63
2751|922|19|8|417.75|0.00|3342.00
2752|923|20|10|435.00|0.00|4350.00
2753|923|11|4|273.75|0.00|1095.00
2754|923|13|6|309.25|10.00|1669.95
2755|923|10|3|255.50|0.00|766.50
2756|923|9|4|237.25|0.00|949.00
2757|924|4|10|147.00|0.00|1470.00
2758|924|9|5|237.25|0.00|1186.25
2759|924|27|4|561.75|0.00|2247.00
2760|924|15|1|345.75|15.00|293.89
2761|924|31|9|633.75|0.00|5703.75
2762|925|2|7|111.50|0.00|780.50
2763|925|24|10|507.00|0.00|5070.00
2764|925|39|11|777.75|5.00|8127.49
2765|926|27|12|561.75|0.00|6741.00
2766|926|8|11|219.00|10.00|2168.10
2767|926|7|11|201.75|5.00|2108.29
2768|927|36|7|723.00|0.00|5061.00
2769|927|23|5|489.75|0.00|2448.75
2770|927|6|8|183.50|15.00|1247.80
2771|928|26|7|543.50|0.00|3804.50
2772|928|27|4|561.75|15.00|1909.95
2773|928|25|3|525.25|0.00|1575.75
2774|929|6|1|183.50|0.00|183.50
2775|929|28|12|579.00|0.00|6948.00
2776|929|3|7|129.75|15.00|772.01
2777|930|25|7|525.25|0.00|3676.75
2778|930|32|1|651.00|10.00|585.90
2779|930|29|5|597.25|15.00|2538.31
2780|930|8|5|219.00|15.00|930.75
2781|930|9|10|237.25|10.00|2135.25
2782|931|12|2|291.00|15.00|494.70
2783|931|21|8|453.25|0.00|3626.00
2784|931|39|2|777.75|10.00|1399.95
2785|931|7|8|201.75|0.00|1614.00
2786|932|17|3|381.25|5.00|1086.56
2787|932|31|8|633.75|0.00|5070.00
2788|932|18|6|399.50|0.00|2397.00
2789|932|2|4|111.50|0.00|446.00
2790|933|9|2|237.25|0.00|474.50
2791|933|37|7|741.25|15.00|4410.44
2792|933|32|11|651.00|0.00|7161.00
2793|934|6|4|183.50|5.00|697.30
2794|934|33|7|669.25|0.00|4684.75
2795|934|29|4|597.25|5.00|2269.55
2796|934|4|8|147.00|0.00|1176.00
2797|934|21|3|453.25|0.00|1359.75
2798|935|7|7|201.75|0.00|1412.25
2799|935|34|3|687.50|5.00|1959.38
2800|936|25|4|525.25|5.00|1995.95
2801|936|24|4|507.00|5.00|1926.60
2802|936|5|7|165.25|5.00|1098.91
2803|936|20|9|435.00|15.00|3327.75
2804|937|37|6|741.25|0.00|4447.50
2805|937|20|8|435.00|0.00|3480.00
2806|937|29|7|597.25|10.00|3762.68
2807|938|37|4|741.25|0.00|2965.00
2808|939|37|3|741.25|5.00|2112.56
2809|939|2|3|111.50|10.00|301.05
2810|939|9|2|237.25|0.00|474.50
2811|939|11|2|273.75|15.00|465.38
2812|939|10|7|255.50|0.00|1788.50
2813|940|3|9|129.75|0.00|1167.75
2814|940|39|5|777.75|0.00|3888.75
2815|940|22|3|471.50|10.00|1273.05
2816|941|29|12|597.25|15.00|6091.95
2817|942|16|2|363.00|0.00|726.00
2818|942|32|2|651.00|10.00|1171.80
2819|942|13|12|309.25|5.00|3525.45
2820|943|10|2|255.50|10.00|459.90
2821|944|5|5|165.25|5.00|784.94
2822|945|11|6|273.75|5.00|1560.38
2823|945|2|7|111.50|10.00|702.45
2824|946|25|7|525.25|5.00|3492.91
2825|946|2|12|111.50|10.00|1204.20
2826|946|24|4|507.00|0.00|2028.00
2827|946|28|9|579.00|10.00|4689.90
2828|947|7|12|201.75|10.00|2178.90
2829|947|30|10|615.50|10.00|5539.50
2830|948|40|9|795.00|0.00|7155.00
2831|948|22|10|471.50|10.00|4243.50
2832|949|22|8|471.50|10.00|3394.80
2833|950|31|7|633.75|15.00|3770.81
2834|950|7|4|201.75|0.00|807.00
2835|950|15|12|345.75|5.00|3941.55
2836|950|16|4|363.00|0.00|1452.00
2837|950|8|6|219.00|5.00|1248.30
2838|951|24|8|507.00|15.00|3447.60
2839|951|12|1|291.00|5.00|276.45
2840|951|21|2|453.25|5.00|861.18
2841|951|3|11|129.75|0.00|1427.25
2842|952|17|8|381.25|0.00|3050.00
2843|953|8|11|219.00|0.00|2409.00
2844|953|35|5|705.75|5.00|3352.31
2845|954|21|9|453.25|0.00|4079.25
2846|954|11|11|273.75|0.00|3011.25
2847|954|33|5|669.25|15.00|2844.31
2848|954|24|6|507.00|0.00|3042.00
2849|955|17|10|381.25|15.00|3240.63
2850|956|27|12|561.75|10.00|6066.90
2851|956|1|4|93.25|10.00|335.70
2852|956|40|11|795.00|0.00|8745.00
2853|956|31|5|633.75|0.00|3168.75
2854|957|4|3|147.00|0.00|441.00
2855|957|27|12|561.75|0.00|6741.00
2856|957|36|12|723.00|0.00|8676.00
2857|958|11|4|273.75|5.00|1040.25
2858|959|4|1|147.00|0.00|147.00
2859|959|21|3|453.25|0.00|1359.75
2860|959|17|6|381.25|0.00|2287.50
2861|959|39|8|777.75|15.00|5288.70
2862|959|37|6|741.25|15.00|3780.38
2863|960|11|10|273.75|5.00|2600.63
2864|960|37|1|741.25|0.00|741.25
2865|961|34|3|687.50|0.00|2062.50
2866|962|18|2|399.50|0.00|799.00
2867|962|22|3|471.50|5.00|1343.78
2868|962|16|7|363.00|0.00|2541.00
2869|962|8|11|219.00|5.00|2288.55
2870|962|22|11|471.50|10.00|4667.85
2871|963|20|5|435.00|0.00|2175.00
2872|963|34|9|687.50|0.00|6187.50
2873|963|16|2|363.00|0.00|726.00
2874|963|25|1|525.25|0.00|525.25
2875|964|1|1|93.25|0.00|93.25
2876|964|28|3|579.00|0.00|1737.00
2877|964|29|8|597.25|0.00|4778.00
2878|964|12|6|291.00|0.00|1746.00
2879|965|11|8|273.75|5.00|2080.50
2880|965|20|8|435.00|5.00|3306.00
2881|965|40|9|795.00|0.00|7155.00
2882|965|12|1|291.00|5.00|276.45
2883|965|15|3|345.75|10.00|933.53
2884|966|12|12|291.00|10.00|3142.80
2885|967|10|4|255.50|0.00|1022.00
2886|967|38|2|759.50|10.00|1367.10
2887|967|18|6|399.50|10.00|2157.30
2888|968|33|12|669.25|0.00|8031.00
2889|969|7|11|201.75|5.00|2108.29
2890|969|6|10|183.50|15.00|1559.75
2891|969|2|11|111.50|10.00|1103.85
2892|970|22|5|471.50|0.00|2357.50
2893|970|31|9|633.75|5.00|5418.56
2894|970|13|11|309.25|0.00|3401.75
2895|970|6|9|183.50|0.00|1651.50
2896|971|38|4|759.50|0.00|3038.00
2897|972|11|2|273.75|10.00|492.75
2898|972|7|3|201.75|0.00|605.25
2899|973|2|12|111.50|0.00|1338.00
2900|973|35|10|705.75|10.00|6351.75
2901|973|1|9|93.25|0.00|839.25
2902|973|23|11|489.75|0.00|5387.25
2903|974|9|1|237.25|0.00|237.25
2904|975|38|6|759.50|5.00|4329.15
2905|975|16|9|363.00|0.00|3267.00
2906|975|30|4|615.50|0.00|2462.00
2907|976|9|10|237.25|10.00|2135.25
2908|976|36|8|723.00|0.00|5784.00
2909|977|26|7|543.50|0.00|3804.50
2910|977|35|1|705.75|5.00|670.46
2911|977|35|3|705.75|15.00|1799.66
2912|978|7|7|201.75|15.00|1200.41
2913|978|15|6|345.75|0.00|2074.50
2914|979|28|8|579.00|0.00|4632.00
2915|979|25|9|525.25|0.00|4727.25
2916|979|30|5|615.50|0.00|3077.50
2917|979|14|4|327.50|0.00|1310.00
2918|979|33|5|669.25|0.00|3346.25
2919|980|31|3|633.75|0.00|1901.25
2920|980|5|9|165.25|15.00|1264.16
2921|980|17|5|381.25|0.00|1906.25
2922|980|20|12|435.00|0.00|5220.00
2923|981|33|1|669.25|10.00|602.33
2924|981|20|7|435.00|15.00|2588.25
2925|981|22|12|471.50|5.00|5375.10
2926|981|38|4|759.50|0.00|3038.00
2927|982|28|10|579.00|0.00|5790.00
2928|982|5|4|165.25|15.00|561.85
2929|983|16|4|363.00|0.00|1452.00
2930|983|37|2|741.25|5.00|1408.38
2931|983|20|7|435.00|15.00|2588.25
2932|984|31|7|633.75|10.00|3992.63
2933|984|21|11|453.25|10.00|4487.18
2934|984|26|9|543.50|10.00|4402.35
2935|985|3|9|129.75|15.00|992.59
2936|986|21|11|453.25|15.00|4237.89
2937|987|10|4|255.50|0.00|1022.00
2938|987|9|7|237.25|10.00|1494.68
2939|987|3|9|129.75|0.00|1167.75
2940|987|8|5|219.00|0.00|1095.00
2941|987|20|6|435.00|0.00|2610.00
2942|988|1|3|93.25|0.00|279.75
2943|988|15|6|345.75|0.00|2074.50
2944|989|40|8|795.00|0.00|6360.00
2945|989|21|2|453.25|0.00|906.50
2946|989|40|4|795.00|10.00|2862.00
2947|989|14|9|327.50|5.00|2800.13
2948|989|10|9|255.50|10.00|2069.55
2949|990|6|12|183.50|10.00|1981.80
2950|990|3|8|129.75|0.00|1038.00
2951|990|18|7|399.50|10.00|2516.85
2952|990|8|8|219.00|0.00|1752.00
2953|991|18|1|399.50|15.00|339.58
2954|991|38|10|759.50|15.00|6455.75
2955|991|7|6|201.75|5.00|1149.98
2956|991|36|2|723.00|0.00|1446.00
2957|991|12|8|291.00|10.00|2095.20
2958|992|35|9|705.75|0.00|6351.75
2959|992|19|12|417.75|0.00|5013.00
2960|992|19|11|417.75|15.00|3905.96
2961|992|25|6|525.25|10.00|2836.35
2962|993|31|1|633.75|0.00|633.75
2963|993|32|6|651.00|5.00|3710.70
2964|993|30|12|615.50|10.00|6647.40
2965|993|7|9|201.75|5.00|1724.96
2966|993|24|2|507.00|0.00|1014.00
2967|994|26|2|543.50|5.00|1032.65
2968|994|9|12|237.25|0.00|2847.00
2969|994|37|9|741.25|10.00|6004.13
2970|995|8|7|219.00|0.00|1533.00
2971|996|10|1|255.50|15.00|217.18
2972|996|24|3|507.00|0.00|1521.00
2973|996|37|1|741.25|0.00|741.25
2974|997|36|2|723.00|0.00|1446.00
2975|998|37|10|741.25|10.00|6671.25
2976|998|4|8|147.00|0.00|1176.00
2977|998|23|1|489.75|0.00|489.75
2978|999|26|10|543.50|10.00|4891.50
2979|1000|24|3|507.00|15.00|1292.85
2980|1000|21|5|453.25|0.00|2266.25
2981|1000|20|1|435.00|15.00|369.75
2982|1000|16|2|363.00|0.00|726.00
2983|1000|19|8|417.75|15.00|2840.70
2984|1001|28|4|579.00|15.00|1968.60
2985|1002|17|1|381.25|0.00|381.25
2986|1002|30|5|615.50|0.00|3077.50
2987|1002|31|6|633.75|0.00|3802.50
2988|1002|15|12|345.75|5.00|3941.55
2989|1002|4|1|147.00|0.00|147.00
2990|1003|22|4|471.50|15.00|1603.10
2991|1003|38|12|759.50|0.00|9114.00
2992|1003|10|12|255.50|0.00|3066.00
2993|1003|18|9|399.50|0.00|3595.50
2994|1003|19|6|417.75|0.00|2506.50
2995|1004|13|4|309.25|15.00|1051.45
2996|1005|34|9|687.50|5.00|5878.13
2997|1006|9|7|237.25|0.00|1660.75
2998|1006|31|11|633.75|0.00|6971.25
2999|1007|16|1|363.00|0.00|363.00
3000|1007|38|3|759.50|0.00|2278.50
3001|1007|32|10|651.00|0.00|6510.00
3002|1007|5|11|165.25|0.00|1817.75
3003|1007|9|1|237.25|10.00|213.53
3004|1008|13|3|309.25|5.00|881.36
3005|1009|34|4|687.50|0.00|2750.00
3006|1009|30|4|615.50|0.00|2462.00
3007|1010|21|6|453.25|15.00|2311.58
3008|1010|37|3|741.25|0.00|2223.75
3009|1010|18|12|399.50|0.00|4794.00
3010|1010|35|6|705.75|0.00|4234.50
3011|1011|20|8|435.00|15.00|2958.00
3012|1011|14|7|327.50|0.00|2292.50
3013|1011|36|6|723.00|10.00|3904.20
3014|1011|40|1|795.00|0.00|795.00
3015|1011|15|3|345.75|5.00|985.39
3016|1012|3|7|129.75|0.00|908.25
3017|1013|35|7|705.75|0.00|4940.25
3018|1013|31|4|633.75|5.00|2408.25
3019|1014|7|1|201.75|15.00|171.49
3020|1014|19|1|417.75|0.00|417.75
3021|1014|20|7|435.00|0.00|3045.00
3022|1015|10|6|255.50|0.00|1533.00
3023|1016|19|5|417.75|0.00|2088.75
3024|1016|29|11|597.25|0.00|6569.75
3025|1016|6|8|183.50|0.00|1468.00
3026|1016|1|3|93.25|0.00|279.75
3027|1016|19|7|417.75|0.00|2924.25
3028|1017|5|11|165.25|15.00|1545.09
3029|1017|20|8|435.00|10.00|3132.00
3030|1017|8|2|219.00|10.00|394.20
3031|1017|22|11|471.50|10.00|4667.85
3032|1018|23|7|489.75|0.00|3428.25
3033|1019|16|11|363.00|5.00|3793.35
3034|1019|20|4|435.00|0.00|1740.00
3035|1019|14|11|327.50|0.00|3602.50
3036|1019|12|6|291.00|0.00|1746.00
3037|1020|27|12|561.75|0.00|6741.00
3038|1020|15|8|345.75|0.00|2766.00
3039|1020|11|4|273.75|0.00|1095.00
3040|1020|35|4|705.75|15.00|2399.55
3041|1020|1|6|93.25|10.00|503.55
3042|1021|6|3|183.50|10.00|495.45
3043|1021|14|10|327.50|15.00|2783.75
3044|1021|38|12|759.50|15.00|7746.90
3045|1021|29|8|597.25|0.00|4778.00
3046|1022|38|5|759.50|0.00|3797.50
3047|1022|31|6|633.75|0.00|3802.50
3048|1022|17|7|381.25|0.00|2668.75
3049|1023|18|5|399.50|5.00|1897.63
3050|1023|18|10|399.50|0.00|3995.00
3051|1023|5|2|165.25|15.00|280.93
3052|1023|1|1|93.25|0.00|93.25
3053|1024|35|8|705.75|15.00|4799.10
3054|1024|18|4|399.50|10.00|1438.20
3055|1025|2|10|111.50|15.00|947.75
3056|1025|5|1|165.25|0.00|165.25
3057|1025|25|4|525.25|0.00|2101.00
3058|1025|1|3|93.25|5.00|265.76
3059|1026|18|9|399.50|0.00|3595.50
3060|1027|20|9|435.00|0.00|3915.00
3061|1027|40|8|795.00|5.00|6042.00
3062|1028|5|8|165.25|0.00|1322.00
3063|1028|24|1|507.00|5.00|481.65
3064|1028|15|7|345.75|0.00|2420.25
3065|1029|33|9|669.25|15.00|5119.76
3066|1029|12|7|291.00|10.00|1833.30
3067|1029|39|10|777.75|5.00|7388.63
3068|1029|20|10|435.00|5.00|4132.50
3069|1029|8|10|219.00|0.00|2190.00
3070|1030|15|4|345.75|10.00|1244.70
3071|1030|4|5|147.00|0.00|735.00
3072|1031|20|6|435.00|10.00|2349.00
3073|1031|10|3|255.50|0.00|766.50
3074|1031|28|8|579.00|5.00|4400.40
3075|1031|7|3|201.75|10.00|544.73
3076|1032|24|3|507.00|5.00|1444.95
3077|1032|21|8|453.25|10.00|3263.40
3078|1032|10|3|255.50|0.00|766.50
3079|1032|22|8|471.50|15.00|3206.20
3080|1033|21|4|453.25|0.00|1813.00
3081|1033|21|7|453.25|5.00|3014.11
3082|1033|32|5|651.00|15.00|2766.75
3083|1033|24|8|507.00|10.00|3650.40
3084|1033|28|12|579.00|0.00|6948.00
3085|1034|40|9|795.00|15.00|6081.75
3086|1034|36|7|723.00|0.00|5061.00
3087|1034|26|1|543.50|0.00|543.50
3088|1034|33|12|669.25|0.00|8031.00
3089|1034|13|9|309.25|15.00|2365.76
3090|1035|31|10|633.75|15.00|5386.88
3091|1035|28|10|579.00|10.00|5211.00
3092|1035|14|7|327.50|0.00|2292.50
3093|1036|19|5|417.75|5.00|1984.31
3094|1036|22|12|471.50|10.00|5092.20
3095|1036|5|4|165.25|0.00|661.00
3096|1036|40|10|795.00|0.00|7950.00
3097|1036|17|1|381.25|0.00|381.25
3098|1037|16|6|363.00|0.00|2178.00
3099|1037|2|4|111.50|0.00|446.00
3100|1038|11|10|273.75|0.00|2737.50
3101|1038|14|3|327.50|0.00|982.50
3102|1038|34|7|687.50|0.00|4812.50
3103|1038|39|5|777.75|5.00|3694.31
3104|1038|32|10|651.00|0.00|6510.00
3105|1039|24|11|507.00|0.00|5577.00
3106|1039|22|3|471.50|15.00|1202.33
3107|1040|37|9|741.25|15.00|5670.56
3108|1040|26|2|543.50|10.00|978.30
3109|1041|27|10|561.75|0.00|5617.50
3110|1042|27|12|561.75|10.00|6066.90
3111|1043|37|2|741.25|10.00|1334.25
3112|1044|34|9|687.50|15.00|5259.38
3113|1044|35|2|705.75|0.00|1411.50
3114|1044|3|4|129.75|15.00|441.15
3115|1044|34|4|687.50|0.00|2750.00
3116|1044|3|2|129.75|0.00|259.50
3117|1045|18|8|399.50|0.00|3196.00
3118|1045|14|9|327.50|10.00|2652.75
3119|1046|20|10|435.00|5.00|4132.50
3120|1046|24|9|507.00|0.00|4563.00
3121|1046|27|3|561.75|0.00|1685.25
3122|1046|10|3|255.50|0.00|766.50
3123|1046|36|7|723.00|0.00|5061.00
3124|1047|28|1|579.00|10.00|521.10
3125|1047|21|5|453.25|15.00|1926.31
3126|1047|35|5|705.75|0.00|3528.75
3127|1048|39|10|777.75|15.00|6610.88
3128|1048|38|7|759.50|5.00|5050.68
3129|1048|27|11|561.75|5.00|5870.29
3130|1048|20|7|435.00|15.00|2588.25
3131|1048|22|4|471.50|10.00|1697.40
3132|1049|4|12|147.00|15.00|1499.40
3133|1049|39|6|777.75|10.00|4199.85
3134|1050|15|3|345.75|15.00|881.66
3135|1051|34|5|687.50|0.00|3437.50
3136|1051|36|4|723.00|0.00|2892.00
3137|1051|6|11|183.50|5.00|1917.58
3138|1051|1|12|93.25|0.00|1119.00
3139|1051|5|11|165.25|5.00|1726.86
3140|1052|2|9|111.50|0.00|1003.50
3141|1052|34|1|687.50|15.00|584.38
3142|1052|39|9|777.75|0.00|6999.75
3143|1053|19|12|417.75|5.00|4762.35
3144|1053|24|5|507.00|0.00|2535.00
3145|1053|30|2|615.50|0.00|1231.00
3146|1053|38|5|759.50|0.00|3797.50
3147|1053|16|3|363.00|10.00|980.10
3148|1054|15|11|345.75|0.00|3803.25
3149|1054|12|11|291.00|15.00|2720.85
3150|1054|22|2|471.50|5.00|895.85
3151|1055|10|4|255.50|0.00|1022.00
3152|1056|23|7|489.75|10.00|3085.43
3153|1057|40|12|795.00|15.00|8109.00
3154|1057|33|6|669.25|0.00|4015.50
3155|1057|10|11|255.50|15.00|2388.93
3156|1057|38|5|759.50|0.00|3797.50
3157|1057|37|12|741.25|0.00|8895.00
3158|1058|11|2|273.75|0.00|547.50
3159|1058|16|10|363.00|15.00|3085.50
3160|1059|4|11|147.00|5.00|1536.15
3161|1059|19|4|417.75|0.00|1671.00
3162|1059|3|5|129.75|0.00|648.75
3163|1060|18|11|399.50|0.00|4394.50
3164|1060|22|4|471.50|10.00|1697.40
3165|1060|39|12|777.75|10.00|8399.70
3166|1061|31|11|633.75|0.00|6971.25
3167|1061|9|10|237.25|10.00|2135.25
3168|1061|17|11|381.25|10.00|3774.38
3169|1061|25|1|525.25|0.00|525.25
3170|1062|17|4|381.25|10.00|1372.50
3171|1062|33|2|669.25|5.00|1271.58
3172|1063|20|6|435.00|5.00|2479.50
3173|1064|25|12|525.25|0.00|6303.00
3174|1064|19|3|417.75|5.00|1190.59
3175|1065|19|10|417.75|0.00|4177.50
3176|1065|9|5|237.25|0.00|1186.25
3177|1065|20|4|435.00|15.00|1479.00
3178|1065|3|4|129.75|15.00|441.15
3179|1065|36|11|723.00|0.00|7953.00
3180|1066|3|4|129.75|0.00|519.00
3181|1066|13|6|309.25|0.00|1855.50
3182|1066|32|10|651.00|0.00|6510.00
3183|1066|39|5|777.75|10.00|3499.88
3184|1066|40|11|795.00|0.00|8745.00
3185|1067|27|12|561.75|0.00|6741.00
3186|1068|39|11|777.75|0.00|8555.25
3187|1068|11|2|273.75|10.00|492.75
3188|1069|29|5|597.25|5.00|2836.94
3189|1069|36|3|723.00|15.00|1843.65
3190|1069|23|12|489.75|10.00|5289.30
3191|1069|7|9|201.75|5.00|1724.96
3192|1070|32|11|651.00|0.00|7161.00
3193|1070|38|9|759.50|0.00|6835.50
3194|1070|37|8|741.25|15.00|5040.50
3195|1070|34|9|687.50|5.00|5878.13
3196|1071|29|4|597.25|10.00|2150.10
3197|1072|21|2|453.25|10.00|815.85
3198|1073|40|6|795.00|0.00|4770.00
3199|1073|18|3|399.50|0.00|1198.50
3200|1074|34|3|687.50|0.00|2062.50
3201|1075|29|11|597.25|10.00|5912.78
3202|1075|27|3|561.75|10.00|1516.73
3203|1075|37|8|741.25|5.00|5633.50
3204|1076|35|5|705.75|0.00|3528.75
3205|1076|29|6|597.25|0.00|3583.50
3206|1076|28|2|579.00|0.00|1158.00
3207|1077|5|1|165.25|10.00|148.73
3208|1077|12|3|291.00|0.00|873.00
3209|1077|38|9|759.50|15.00|5810.18
3210|1077|23|9|489.75|0.00|4407.75
3211|1077|36|1|723.00|10.00|650.70
3212|1078|3|10|129.75|0.00|1297.50
3213|1078|31|11|633.75|5.00|6622.69
3214|1078|3|10|129.75|0.00|1297.50
3215|1079|29|3|597.25|0.00|1791.75
3216|1079|21|7|453.25|5.00|3014.11
3217|1080|2|7|111.50|10.00|702.45
3218|1080|38|7|759.50|10.00|4784.85
3219|1080|9|1|237.25|10.00|213.53
3220|1081|1|8|93.25|0.00|746.00
3221|1081|8|10|219.00|10.00|1971.00
3222|1082|8|6|219.00|0.00|1314.00
3223|1082|7|5|201.75|15.00|857.44
3224|1082|22|3|471.50|5.00|1343.78
3225|1083|5|10|165.25|10.00|1487.25
3226|1083|26|8|543.50|0.00|4348.00
3227|1083|7|5|201.75|15.00|857.44
3228|1084|31|12|633.75|10.00|6844.50
3229|1084|29|12|597.25|15.00|6091.95
3230|1084|9|6|237.25|10.00|1281.15
3231|1084|10|7|255.50|0.00|1788.50
3232|1085|33|11|669.25|15.00|6257.49
3233|1085|6|9|183.50|10.00|1486.35
3234|1086|5|4|165.25|5.00|627.95
3235|1086|31|10|633.75|0.00|6337.50
3236|1086|3|11|129.75|0.00|1427.25
3237|1087|2|7|111.50|0.00|780.50
3238|1087|6|5|183.50|0.00|917.50
3239|1088|17|12|381.25|0.00|4575.00
3240|1088|8|10|219.00|0.00|2190.00
3241|1089|25|1|525.25|0.00|525.25
3242|1089|10|10|255.50|0.00|2555.00
3243|1089|34|6|687.50|10.00|3712.50
3244|1090|29|3|597.25|0.00|1791.75
3245|1090|31|11|633.75|0.00|6971.25
3246|1091|20|6|435.00|10.00|2349.00
3247|1091|25|4|525.25|0.00|2101.00
3248|1091|36|9|723.00|0.00|6507.00
3249|1091|23|11|489.75|15.00|4579.16
3250|1091|11|9|273.75|5.00|2340.56
3251|1092|19|1|417.75|15.00|355.09
3252|1092|30|3|615.50|5.00|1754.18
3253|1092|10|8|255.50|0.00|2044.00
3254|1093|23|11|489.75|0.00|5387.25
3255|1094|39|3|777.75|15.00|1983.26
3256|1094|20|11|435.00|5.00|4545.75
3257|1094|16|7|363.00|10.00|2286.90
3258|1094|36|9|723.00|0.00|6507.00
3259|1094|35|10|705.75|5.00|6704.63
3260|1095|38|6|759.50|0.00|4557.00
3261|1095|14|2|327.50|0.00|655.00
3262|1095|5|8|165.25|10.00|1189.80
3263|1096|16|8|363.00|0.00|2904.00
3264|1096|3|11|129.75|5.00|1355.89
3265|1097|38|7|759.50|0.00|5316.50
3266|1097|17|9|381.25|10.00|3088.13
3267|1098|14|1|327.50|15.00|278.38
3268|1098|37|2|741.25|0.00|1482.50
3269|1098|35|12|705.75|10.00|7622.10
3270|1098|33|1|669.25|0.00|669.25
3271|1099|26|2|543.50|15.00|923.95
3272|1100|39|1|777.75|10.00|699.98
3273|1100|5|8|165.25|0.00|1322.00
3274|1100|25|12|525.25|0.00|6303.00
3275|1100|38|2|759.50|0.00|1519.00
3276|1100|13|5|309.25|10.00|1391.63
3277|1101|32|12|651.00|10.00|7030.80
3278|1101|19|8|417.75|5.00|3174.90
3279|1101|16|12|363.00|0.00|4356.00
3280|1101|33|12|669.25|0.00|8031.00
3281|1102|17|4|381.25|15.00|1296.25
3282|1102|35|10|705.75|0.00|7057.50
3283|1102|29|7|597.25|15.00|3553.64
3284|1103|22|8|471.50|0.00|3772.00
3285|1103|20|1|435.00|5.00|413.25
3286|1103|37|11|741.25|0.00|8153.75
3287|1103|15|8|345.75|15.00|2351.10
3288|1103|28|2|579.00|0.00|1158.00
3289|1104|21|1|453.25|15.00|385.26
3290|1104|26|3|543.50|0.00|1630.50
3291|1105|14|12|327.50|15.00|3340.50
3292|1105|9|8|237.25|0.00|1898.00
3293|1106|11|10|273.75|0.00|2737.50
3294|1106|11|1|273.75|5.00|260.06
3295|1107|14|5|327.50|0.00|1637.50
3296|1108|11|9|273.75|0.00|2463.75
3297|1108|35|11|705.75|5.00|7375.09
3298|1109|9|3|237.25|5.00|676.16
3299|1109|14|1|327.50|5.00|311.13
3300|1110|10|1|255.50|5.00|242.73
3301|1110|22|5|471.50|5.00|2239.63
3302|1110|38|7|759.50|10.00|4784.85
3303|1110|11|1|273.75|15.00|232.69
3304|1111|29|7|597.25|0.00|4180.75
3305|1112|33|5|669.25|10.00|3011.63
3306|1112|6|5|183.50|0.00|917.50
3307|1112|18|1|399.50|0.00|399.50
3308|1112|37|4|741.25|10.00|2668.50
3309|1113|12|5|291.00|0.00|1455.00
3310|1113|14|7|327.50|5.00|2177.88
3311|1113|29|5|597.25|0.00|2986.25
3312|1114|32|3|651.00|5.00|1855.35
3313|1114|30|9|615.50|5.00|5262.53
3314|1114|3|11|129.75|15.00|1213.16
3315|1115|1|1|93.25|10.00|83.93
3316|1115|6|1|183.50|0.00|183.50
3317|1115|22|5|471.50|0.00|2357.50
3318|1115|31|7|633.75|5.00|4214.44
3319|1115|10|12|255.50|5.00|2912.70
3320|1116|13|7|309.25|0.00|2164.75
3321|1116|40|10|795.00|0.00|7950.00
3322|1116|7|5|201.75|15.00|857.44
3323|1116|37|3|741.25|15.00|1890.19
3324|1117|40|2|795.00|10.00|1431.00
3325|1117|24|12|507.00|5.00|5779.80
3326|1117|18|2|399.50|0.00|799.00
3327|1117|2|3|111.50|0.00|334.50
3328|1118|23|12|489.75|5.00|5583.15
3329|1118|39|7|777.75|0.00|5444.25
3330|1118|14|10|327.50|15.00|2783.75
3331|1118|3|5|129.75|5.00|616.31
3332|1118|3|1|129.75|0.00|129.75
3333|1119|25|2|525.25|10.00|945.45
3334|1120|31|4|633.75|10.00|2281.50
3335|1121|8|7|219.00|10.00|1379.70
3336|1121|39|10|777.75|0.00|7777.50
3337|1121|23|8|489.75|0.00|3918.00
3338|1121|11|1|273.75|0.00|273.75
3339|1121|22|4|471.50|0.00|1886.00
3340|1122|27|2|561.75|0.00|1123.50
3341|1122|15|1|345.75|0.00|345.75
3342|1122|34|9|687.50|0.00|6187.50
3343|1122|33|5|669.25|0.00|3346.25
3344|1122|24|8|507.00|10.00|3650.40
3345|1123|36|11|723.00|15.00|6760.05
3346|1123|37|11|741.25|0.00|8153.75
3347|1123|8|7|219.00|0.00|1533.00
3348|1124|38|12|759.50|10.00|8202.60
3349|1124|30|11|615.50|0.00|6770.50
3350|1124|1|10|93.25|10.00|839.25
3351|1124|16|3|363.00|10.00|980.10
3352|1125|3|12|129.75|0.00|1557.00
3353|1125|30|4|615.50|0.00|2462.00
3354|1125|33|11|669.25|10.00|6625.58
3355|1126|23|2|489.75|0.00|979.50
3356|1126|16|3|363.00|10.00|980.10
3357|1127|23|7|489.75|5.00|3256.84
3358|1127|12|5|291.00|5.00|1382.25
3359|1128|8|5|219.00|10.00|985.50
3360|1128|22|2|471.50|0.00|943.00
3361|1128|24|10|507.00|0.00|5070.00
3362|1128|25|4|525.25|5.00|1995.95
3363|1129|25|6|525.25|0.00|3151.50
3364|1130|30|9|615.50|5.00|5262.53
3365|1130|36|2|723.00|0.00|1446.00
3366|1131|2|2|111.50|0.00|223.00
3367|1131|9|9|237.25|5.00|2028.49
3368|1132|24|1|507.00|0.00|507.00
3369|1132|9|11|237.25|0.00|2609.75
3370|1132|27|8|561.75|10.00|4044.60
3371|1133|21|2|453.25|15.00|770.53
3372|1133|11|1|273.75|5.00|260.06
3373|1134|6|5|183.50|10.00|825.75
3374|1134|13|11|309.25|0.00|3401.75
3375|1134|19|1|417.75|15.00|355.09
3376|1134|16|5|363.00|0.00|1815.00
3377|1135|39|4|777.75|0.00|3111.00
3378|1136|39|10|777.75|0.00|7777.50
3379|1136|32|9|651.00|0.00|5859.00
3380|1136|28|3|579.00|0.00|1737.00
3381|1136|1|10|93.25|15.00|792.63
3382|1137|24|8|507.00|0.00|4056.00
3383|1137|8|5|219.00|15.00|930.75
3384|1138|38|10|759.50|15.00|6455.75
3385|1138|27|1|561.75|5.00|533.66
3386|1139|19|4|417.75|15.00|1420.35
3387|1139|15|3|345.75|0.00|1037.25
3388|1140|12|1|291.00|0.00|291.00
3389|1140|6|9|183.50|0.00|1651.50
3390|1140|4|5|147.00|0.00|735.00
3391|1140|29|6|597.25|10.00|3225.15
3392|1140|24|10|507.00|5.00|4816.50
3393|1141|23|5|489.75|15.00|2081.44
3394|1141|33|11|669.25|5.00|6993.66
3395|1141|36|5|723.00|5.00|3434.25
3396|1141|38|11|759.50|10.00|7519.05
3397|1141|3|6|129.75|5.00|739.58
3398|1142|11|3|273.75|5.00|780.19
3399|1142|35|8|705.75|15.00|4799.10
3400|1142|18|6|399.50|0.00|2397.00
3401|1143|31|12|633.75|0.00|7605.00
3402|1144|38|3|759.50|5.00|2164.58
3403|1144|9|4|237.25|5.00|901.55
3404|1144|15|9|345.75|15.00|2644.99
3405|1145|20|12|435.00|0.00|5220.00
3406|1146|34|7|687.50|15.00|4090.63
3407|1147|20|6|435.00|15.00|2218.50
3408|1147|18|1|399.50|15.00|339.58
3409|1147|29|4|597.25|5.00|2269.55
3410|1147|29|10|597.25|0.00|5972.50
3411|1147|16|4|363.00|0.00|1452.00
3412|1148|19|9|417.75|0.00|3759.75
3413|1149|40|11|795.00|0.00|8745.00
3414|1149|32|2|651.00|0.00|1302.00
3415|1149|16|4|363.00|0.00|1452.00
3416|1149|5|10|165.25|0.00|1652.50
3417|1150|11|8|273.75|0.00|2190.00
3418|1150|7|2|201.75|10.00|363.15
3419|1150|5|2|165.25|15.00|280.93
3420|1150|21|9|453.25|10.00|3671.33
3421|1150|33|4|669.25|0.00|2677.00
3422|1151|33|7|669.25|5.00|4450.51
3423|1152|33|3|669.25|15.00|1706.59
3424|1152|23|9|489.75|10.00|3966.98
3425|1152|11|8|273.75|5.00|2080.50
3426|1153|25|6|525.25|0.00|3151.50
3427|1153|19|1|417.75|15.00|355.09
3428|1154|14|9|327.50|15.00|2505.38
3429|1154|33|5|669.25|0.00|3346.25
3430|1154|11|12|273.75|0.00|3285.00
3431|1154|21|1|453.25|0.00|453.25
3432|1155|14|7|327.50|0.00|2292.50
3433|1155|13|10|309.25|15.00|2628.63
3434|1155|7|5|201.75|15.00|857.44
3435|1155|21|1|453.25|0.00|453.25
3436|1155|6|11|183.50|0.00|2018.50
3437|1156|26|6|543.50|15.00|2771.85
3438|1157|32|8|651.00|5.00|4947.60
3439|1157|26|8|543.50|0.00|4348.00
3440|1157|24|12|507.00|5.00|5779.80
3441|1157|13|4|309.25|5.00|1175.15
3442|1157|10|7|255.50|0.00|1788.50
3443|1158|4|10|147.00|0.00|1470.00
3444|1158|6|1|183.50|5.00|174.33
3445|1158|30|8|615.50|5.00|4677.80
3446|1158|38|5|759.50|5.00|3607.63
3447|1159|8|8|219.00|0.00|1752.00
3448|1159|29|5|597.25|0.00|2986.25
3449|1159|9|12|237.25|0.00|2847.00
3450|1160|8|6|219.00|15.00|1116.90
3451|1161|25|11|525.25|10.00|5199.98
3452|1161|29|1|597.25|0.00|597.25
3453|1161|6|12|183.50|0.00|2202.00
3454|1162|20|2|435.00|5.00|826.50
3455|1162|25|4|525.25|15.00|1785.85
3456|1162|4|2|147.00|0.00|294.00
3457|1162|7|4|201.75|15.00|685.95
3458|1163|19|11|417.75|0.00|4595.25
3459|1164|40|5|795.00|0.00|3975.00
3460|1164|23|12|489.75|0.00|5877.00
3461|1164|39|5|777.75|15.00|3305.44
3462|1165|36|11|723.00|0.00|7953.00
3463|1166|26|11|543.50|0.00|5978.50
3464|1167|17|6|381.25|10.00|2058.75
3465|1168|1|9|93.25|0.00|839.25
3466|1168|11|7|273.75|0.00|1916.25
3467|1168|4|9|147.00|0.00|1323.00
3468|1169|13|12|309.25|0.00|3711.00
3469|1169|6|9|183.50|10.00|1486.35
3470|1169|19|5|417.75|10.00|1879.88
3471|1169|32|11|651.00|5.00|6802.95
3472|1169|34|6|687.50|15.00|3506.25
3473|1170|19|6|417.75|10.00|2255.85
3474|1170|36|3|723.00|15.00|1843.65
3475|1170|27|3|561.75|15.00|1432.46
3476|1170|4|8|147.00|0.00|1176.00
3477|1170|28|3|579.00|10.00|1563.30
3478|1171|37|11|741.25|15.00|6930.69
3479|1172|4|5|147.00|5.00|698.25
3480|1172|17|3|381.25|0.00|1143.75
3481|1172|39|4|777.75|0.00|3111.00
3482|1173|32|11|651.00|0.00|7161.00
3483|1173|2|6|111.50|0.00|669.00
3484|1173|30|4|615.50|0.00|2462.00
3485|1173|27|6|561.75|15.00|2864.93
3486|1174|12|8|291.00|5.00|2211.60
3487|1174|18|1|399.50|5.00|379.53
3488|1175|4|8|147.00|0.00|1176.00
3489|1175|9|7|237.25|0.00|1660.75
3490|1176|17|8|381.25|0.00|3050.00
3491|1176|36|11|723.00|0.00|7953.00
3492|1177|26|11|543.50|15.00|5081.73
3493|1178|22|3|471.50|5.00|1343.78
3494|1179|7|11|201.75|5.00|2108.29
3495|1180|26|1|543.50|15.00|461.98
3496|1180|10|8|255.50|15.00|1737.40
3497|1180|33|10|669.25|15.00|5688.63
3498|1180|4|8|147.00|0.00|1176.00
3499|1181|13|7|309.25|0.00|2164.75
3500|1182|1|7|93.25|5.00|620.11
3501|1183|36|2|723.00|10.00|1301.40
3502|1183|5|1|165.25|0.00|165.25
3503|1183|12|4|291.00|15.00|989.40
3504|1184|34|9|687.50|0.00|6187.50
3505|1184|37|3|741.25|0.00|2223.75
3506|1184|23|10|489.75|15.00|4162.88
3507|1185|15|7|345.75|15.00|2057.21
3508|1185|27|7|561.75|0.00|3932.25
3509|1185|23|1|489.75|0.00|489.75
3510|1186|28|7|579.00|0.00|4053.00
3511|1187|21|4|453.25|5.00|1722.35
3512|1187|9|11|237.25|0.00|2609.75
3513|1187|4|7|147.00|15.00|874.65
3514|1188|31|8|633.75|0.00|5070.00
3515|1188|31|10|633.75|5.00|6020.63
3516|1188|34|7|687.50|10.00|4331.25
3517|1188|16|12|363.00|0.00|4356.00
3518|1189|3|9|129.75|0.00|1167.75
3519|1189|13|4|309.25|10.00|1113.30
3520|1189|17|4|381.25|0.00|1525.00
3521|1189|18|12|399.50|5.00|4554.30
3522|1190|31|3|633.75|5.00|1806.19
3523|1191|8|2|219.00|0.00|438.00
3524|1191|12|3|291.00|5.00|829.35
3525|1191|36|5|723.00|10.00|3253.50
3526|1192|38|10|759.50|5.00|7215.25
3527|1192|16|12|363.00|15.00|3702.60
3528|1192|34|7|687.50|5.00|4571.88
3529|1192|29|5|597.25|0.00|2986.25
3530|1192|24|5|507.00|0.00|2535.00
3531|1193|36|9|723.00|0.00|6507.00
3532|1193|34|1|687.50|0.00|687.50
3533|1194|27|8|561.75|5.00|4269.30
3534|1194|24|4|507.00|15.00|1723.80
3535|1194|1|8|93.25|0.00|746.00
3536|1194|1|8|93.25|0.00|746.00
3537|1195|18|2|399.50|15.00|679.15
3538|1195|26|6|543.50|5.00|3097.95
3539|1195|11|12|273.75|10.00|2956.50
3540|1195|29|4|597.25|5.00|2269.55
3541|1195|31|11|633.75|0.00|6971.25
3542|1196|5|5|165.25|0.00|826.25
3543|1196|11|2|273.75|0.00|547.50
3544|1196|8|5|219.00|5.00|1040.25
3545|1197|32|9|651.00|5.00|5566.05
3546|1197|29|9|597.25|5.00|5106.49
3547|1198|30|3|615.50|10.00|1661.85
3548|1198|16|4|363.00|10.00|1306.80
3549|1199|39|10|777.75|5.00|7388.63
3550|1199|18|5|399.50|0.00|1997.50
3551|1199|4|10|147.00|0.00|1470.00
3552|1200|31|7|633.75|5.00|4214.44
3553|1200|11|9|273.75|15.00|2094.19
3554|1200|21|11|453.25|0.00|4985.75
3555|1200|33|1|669.25|15.00|568.86
3556|1201|16|12|363.00|10.00|3920.40
3557|1201|2|1|111.50|5.00|105.93
3558|1201|15|6|345.75|5.00|1970.78
3559|1202|37|3|741.25|10.00|2001.38
3560|1202|2|12|111.50|15.00|1137.30
3561|1202|25|8|525.25|5.00|3991.90
3562|1203|12|3|291.00|15.00|742.05
3563|1204|18|3|399.50|0.00|1198.50
3564|1204|3|3|129.75|10.00|350.33
3565|1204|30|6|615.50|0.00|3693.00
3566|1204|29|1|597.25|15.00|507.66
3567|1205|37|2|741.25|0.00|1482.50
3568|1205|12|11|291.00|0.00|3201.00
3569|1206|9|2|237.25|5.00|450.78
3570|1207|25|8|525.25|0.00|4202.00
3571|1207|13|6|309.25|0.00|1855.50
3572|1207|9|3|237.25|0.00|711.75
3573|1207|21|9|453.25|0.00|4079.25
3574|1207|7|12|201.75|0.00|2421.00
3575|1208|2|6|111.50|0.00|669.00
3576|1208|33|5|669.25|10.00|3011.63
3577|1209|13|11|309.25|0.00|3401.75
3578|1210|9|1|237.25|0.00|237.25
3579|1210|32|8|651.00|15.00|4426.80
3580|1211|9|6|237.25|0.00|1423.50
3581|1212|1|9|93.25|5.00|797.29
3582|1212|36|11|723.00|0.00|7953.00
3583|1213|2|12|111.50|0.00|1338.00
3584|1213|39|2|777.75|0.00|1555.50
3585|1213|10|10|255.50|0.00|2555.00
3586|1214|38|3|759.50|10.00|2050.65
3587|1214|27|2|561.75|0.00|1123.50
3588|1214|22|9|471.50|5.00|4031.33
3589|1215|22|12|471.50|0.00|5658.00
3590|1216|30|12|615.50|0.00|7386.00
3591|1216|23|8|489.75|15.00|3330.30
3592|1217|26|9|543.50|10.00|4402.35
3593|1217|22|5|471.50|15.00|2003.88
3594|1217|5|1|165.25|5.00|156.99
3595|1217|1|11|93.25|5.00|974.46
3596|1218|9|6|237.25|15.00|1209.98
3597|1218|27|9|561.75|15.00|4297.39
3598|1218|11|10|273.75|15.00|2326.88
3599|1218|16|3|363.00|0.00|1089.00
3600|1218|31|11|633.75|15.00|5925.56
3601|1219|9|5|237.25|0.00|1186.25
3602|1220|21|11|453.25|15.00|4237.89
3603|1221|12|9|291.00|0.00|2619.00
3604|1221|25|6|525.25|5.00|2993.93
3605|1221|10|3|255.50|0.00|766.50
3606|1222|9|6|237.25|0.00|1423.50
3607|1222|18|7|399.50|15.00|2377.03
3608|1222|21|2|453.25|0.00|906.50
3609|1223|19|9|417.75|5.00|3571.76
3610|1224|35|11|705.75|0.00|7763.25
3611|1224|28|9|579.00|0.00|5211.00
3612|1224|16|7|363.00|15.00|2159.85
3613|1224|38|10|759.50|0.00|7595.00
3614|1225|39|6|777.75|0.00|4666.50
3615|1225|30|6|615.50|0.00|3693.00
3616|1226|27|5|561.75|0.00|2808.75
3617|1227|14|9|327.50|0.00|2947.50
3618|1227|6|9|183.50|10.00|1486.35
3619|1228|29|8|597.25|10.00|4300.20
3620|1229|33|5|669.25|5.00|3178.94
3621|1230|39|4|777.75|5.00|2955.45
3622|1230|22|7|471.50|15.00|2805.43
3623|1230|27|4|561.75|0.00|2247.00
3624|1230|36|3|723.00|0.00|2169.00
3625|1230|24|10|507.00|0.00|5070.00
3626|1231|8|11|219.00|10.00|2168.10
3627|1232|21|8|453.25|0.00|3626.00
3628|1232|12|3|291.00|0.00|873.00
3629|1232|30|4|615.50|10.00|2215.80
3630|1232|6|1|183.50|5.00|174.33
3631|1233|39|10|777.75|0.00|7777.50
3632|1233|7|3|201.75|0.00|605.25
3633|1233|25|5|525.25|5.00|2494.94
3634|1233|30|2|615.50|0.00|1231.00
3635|1234|6|2|183.50|15.00|311.95
3636|1234|16|6|363.00|15.00|1851.30
3637|1234|33|6|669.25|10.00|3613.95
3638|1234|11|4|273.75|0.00|1095.00
3639|1235|32|2|651.00|5.00|1236.90
3640|1235|35|6|705.75|10.00|3811.05
3641|1235|11|6|273.75|0.00|1642.50
3642|1235|5|2|165.25|5.00|313.98
3643|1235|30|4|615.50|5.00|2338.90
3644|1236|4|3|147.00|0.00|441.00
3645|1236|40|8|795.00|10.00|5724.00
3646|1237|26|10|543.50|0.00|5435.00
3647|1237|35|4|705.75|0.00|2823.00
3648|1237|30|2|615.50|0.00|1231.00
3649|1237|9|3|237.25|15.00|604.99
3650|1238|8|9|219.00|0.00|1971.00
3651|1239|37|4|741.25|10.00|2668.50
3652|1240|28|1|579.00|0.00|579.00
3653|1240|9|12|237.25|0.00|2847.00
3654|1240|39|4|777.75|15.00|2644.35
3655|1241|5|4|165.25|0.00|661.00
3656|1241|10|3|255.50|5.00|728.18
3657|1241|14|6|327.50|10.00|1768.50
3658|1242|30|3|615.50|0.00|1846.50
3659|1242|30|1|615.50|10.00|553.95
3660|1242|38|9|759.50|10.00|6151.95
3661|1242|2|4|111.50|15.00|379.10
3662|1242|37|5|741.25|5.00|3520.94
3663|1243|16|10|363.00|0.00|3630.00
3664|1243|5|6|165.25|0.00|991.50
3665|1243|12|6|291.00|0.00|1746.00
3666|1244|38|11|759.50|0.00|8354.50
3667|1244|19|11|417.75|0.00|4595.25
3668|1244|22|9|471.50|5.00|4031.33
3669|1244|19|3|417.75|5.00|1190.59
3670|1245|28|11|579.00|0.00|6369.00
3671|1245|40|3|795.00|10.00|2146.50
3672|1246|9|9|237.25|10.00|1921.73
3673|1246|19|10|417.75|0.00|4177.50
3674|1246|40|2|795.00|0.00|1590.00
3675|1246|10|3|255.50|15.00|651.53
3676|1246|30|2|615.50|0.00|1231.00
3677|1247|25|6|525.25|5.00|2993.93
3678|1247|4|3|147.00|0.00|441.00
3679|1248|32|8|651.00|0.00|5208.00
3680|1249|28|9|579.00|0.00|5211.00
3681|1249|19|3|417.75|0.00|1253.25
3682|1249|39|1|777.75|0.00|777.75
3683|1249|21|7|453.25|0.00|3172.75
3684|1249|23|9|489.75|10.00|3966.98
3685|1250|14|6|327.50|5.00|1866.75
3686|1250|13|1|309.25|5.00|293.79
3687|1250|4|4|147.00|5.00|558.60
3688|1251|32|4|651.00|15.00|2213.40
3689|1252|35|2|705.75|5.00|1340.93
3690|1252|11|3|273.75|0.00|821.25
3691|1253|5|11|165.25|0.00|1817.75
3692|1253|24|12|507.00|0.00|6084.00
3693|1254|20|9|435.00|0.00|3915.00
3694|1254|14|11|327.50|10.00|3242.25
3695|1254|22|10|471.50|0.00|4715.00
3696|1254|2|3|111.50|15.00|284.33
3697|1254|24|10|507.00|10.00|4563.00
3698|1255|24|2|507.00|0.00|1014.00
3699|1256|9|12|237.25|5.00|2704.65
3700|1256|32|4|651.00|15.00|2213.40
3701|1256|7|6|201.75|15.00|1028.93
3702|1256|20|10|435.00|0.00|4350.00
3703|1256|37|12|741.25|10.00|8005.50
3704|1257|32|1|651.00|15.00|553.35
3705|1258|23|10|489.75|0.00|4897.50
3706|1259|35|5|705.75|0.00|3528.75
3707|1260|18|7|399.50|10.00|2516.85
3708|1260|18|7|399.50|10.00|2516.85
3709|1260|15|11|345.75|15.00|3232.76
3710|1260|37|8|741.25|0.00|5930.00
3711|1260|12|1|291.00|10.00|261.90
3712|1261|12|8|291.00|5.00|2211.60
3713|1261|10|5|255.50|5.00|1213.63
3714|1261|4|4|147.00|0.00|588.00
3715|1262|36|8|723.00|5.00|5494.80
3716|1262|35|9|705.75|10.00|5716.58
3717|1262|33|3|669.25|15.00|1706.59
3718|1262|19|4|417.75|15.00|1420.35
3719|1262|1|8|93.25|15.00|634.10
3720|1263|26|3|543.50|5.00|1548.98
3721|1263|33|5|669.25|0.00|3346.25
3722|1263|26|9|543.50|0.00|4891.50
3723|1263|23|6|489.75|0.00|2938.50
3724|1264|39|4|777.75|15.00|2644.35
3725|1265|6|10|183.50|0.00|1835.00
3726|1265|10|8|255.50|10.00|1839.60
3727|1265|26|8|543.50|0.00|4348.00
3728|1265|15|9|345.75|0.00|3111.75
3729|1266|12|1|291.00|10.00|261.90
3730|1267|21|7|453.25|10.00|2855.48
3731|1267|25|12|525.25|10.00|5672.70
3732|1268|37|12|741.25|15.00|7560.75
3733|1268|31|2|633.75|0.00|1267.50
3734|1268|35|10|705.75|10.00|6351.75
3735|1268|14|8|327.50|5.00|2489.00
3736|1268|15|11|345.75|5.00|3613.09
3737|1269|6|12|183.50|10.00|1981.80
3738|1269|37|8|741.25|0.00|5930.00
3739|1269|14|5|327.50|15.00|1391.88
3740|1269|39|10|777.75|0.00|7777.50
3741|1270|5|12|165.25|0.00|1983.00
3742|1270|11|5|273.75|15.00|1163.44
3743|1271|33|11|669.25|0.00|7361.75
3744|1271|14|3|327.50|0.00|982.50
3745|1271|30|2|615.50|10.00|1107.90
3746|1272|13|4|309.25|10.00|1113.30
3747|1272|32|9|651.00|5.00|5566.05
3748|1272|25|10|525.25|0.00|5252.50
3749|1272|15|12|345.75|15.00|3526.65
3750|1273|2|11|111.50|10.00|1103.85
3751|1273|18|1|399.50|0.00|399.50
3752|1273|31|1|633.75|0.00|633.75
3753|1273|39|8|777.75|0.00|6222.00
3754|1273|28|8|579.00|5.00|4400.40
3755|1274|11|11|273.75|0.00|3011.25
3756|1274|12|4|291.00|15.00|989.40
3757|1274|6|12|183.50|0.00|2202.00
3758|1274|33|11|669.25|15.00|6257.49
3759|1274|36|2|723.00|5.00|1373.70
3760|1275|23|5|489.75|15.00|2081.44
3761|1276|28|10|579.00|0.00|5790.00
3762|1277|13|1|309.25|10.00|278.33
3763|1277|18|9|399.50|0.00|3595.50
3764|1277|23|7|489.75|0.00|3428.25
3765|1277|25|2|525.25|0.00|1050.50
3766|1277|11|10|273.75|15.00|2326.88
3767|1278|15|7|345.75|5.00|2299.24
3768|1278|38|5|759.50|0.00|3797.50
3769|1278|17|6|381.25|0.00|2287.50
3770|1278|34|2|687.50|0.00|1375.00
3771|1279|5|4|165.25|10.00|594.90
3772|1279|6|12|183.50|5.00|2091.90
3773|1279|31|2|633.75|10.00|1140.75
3774|1279|2|11|111.50|0.00|1226.50
3775|1280|38|11|759.50|15.00|7101.33
3776|1280|4|9|147.00|0.00|1323.00
3777|1280|2|5|111.50|0.00|557.50
3778|1281|26|9|543.50|0.00|4891.50
3779|1281|17|10|381.25|10.00|3431.25
3780|1282|31|11|633.75|10.00|6274.13
3781|1282|3|8|129.75|0.00|1038.00
3782|1282|14|2|327.50|5.00|622.25
3783|1282|28|2|579.00|0.00|1158.00
3784|1282|1|4|93.25|0.00|373.00
3785|1283|20|10|435.00|0.00|4350.00
3786|1283|37|11|741.25|0.00|8153.75
3787|1283|19|4|417.75|0.00|1671.00
3788|1284|12|3|291.00|10.00|785.70
3789|1284|35|6|705.75|10.00|3811.05
3790|1284|12|2|291.00|10.00|523.80
3791|1284|1|3|93.25|5.00|265.76
3792|1284|13|9|309.25|10.00|2504.93
3793|1285|1|12|93.25|0.00|1119.00
3794|1285|40|2|795.00|0.00|1590.00
3795|1285|1|3|93.25|5.00|265.76
3796|1285|16|3|363.00|5.00|1034.55
3797|1285|27|4|561.75|5.00|2134.65
3798|1286|27|11|561.75|15.00|5252.36
3799|1286|9|6|237.25|0.00|1423.50
3800|1286|8|9|219.00|0.00|1971.00
3801|1286|4|10|147.00|0.00|1470.00
3802|1286|34|8|687.50|0.00|5500.00
3803|1287|38|12|759.50|0.00|9114.00
3804|1287|19|8|417.75|0.00|3342.00
3805|1288|40|11|795.00|10.00|7870.50
3806|1288|31|1|633.75|0.00|633.75
3807|1289|29|3|597.25|10.00|1612.58
3808|1289|15|10|345.75|0.00|3457.50
3809|1289|21|4|453.25|0.00|1813.00
3810|1289|10|2|255.50|0.00|511.00
3811|1289|36|8|723.00|0.00|5784.00
3812|1290|40|1|795.00|0.00|795.00
3813|1290|29|10|597.25|5.00|5673.88
3814|1290|21|11|453.25|0.00|4985.75
3815|1290|25|3|525.25|5.00|1496.96
3816|1290|38|2|759.50|0.00|1519.00
3817|1291|26|5|543.50|0.00|2717.50
3818|1291|22|7|471.50|0.00|3300.50
3819|1292|11|8|273.75|0.00|2190.00
3820|1292|15|4|345.75|0.00|1383.00
3821|1292|27|10|561.75|0.00|5617.50
3822|1292|15|8|345.75|10.00|2489.40
3823|1292|18|2|399.50|0.00|799.00
3824|1293|19|8|417.75|15.00|2840.70
3825|1293|5|2|165.25|5.00|313.98
3826|1293|6|8|183.50|15.00|1247.80
3827|1293|13|1|309.25|15.00|262.86
3828|1294|5|1|165.25|5.00|156.99
3829|1295|3|5|129.75|0.00|648.75
3830|1295|38|10|759.50|10.00|6835.50
3831|1296|11|7|273.75|5.00|1820.44
3832|1296|14|8|327.50|10.00|2358.00
3833|1296|24|11|507.00|0.00|5577.00
3834|1297|35|8|705.75|15.00|4799.10
3835|1297|10|5|255.50|5.00|1213.63
3836|1297|6|3|183.50|0.00|550.50
3837|1297|18|7|399.50|0.00|2796.50
3838|1297|27|7|561.75|10.00|3539.03
3839|1298|39|1|777.75|15.00|661.09
3840|1298|20|2|435.00|0.00|870.00
3841|1298|31|4|633.75|10.00|2281.50
3842|1298|10|9|255.50|15.00|1954.58
3843|1299|2|12|111.50|15.00|1137.30
3844|1299|30|6|615.50|0.00|3693.00
3845|1299|4|4|147.00|0.00|588.00
3846|1300|28|8|579.00|10.00|4168.80
3847|1300|30|6|615.50|10.00|3323.70
3848|1300|39|2|777.75|0.00|1555.50
3849|1300|13|1|309.25|15.00|262.86
3850|1300|16|11|363.00|15.00|3394.05
3851|1301|21|3|453.25|0.00|1359.75
3852|1302|15|8|345.75|15.00|2351.10
3853|1302|32|9|651.00|0.00|5859.00
3854|1302|4|9|147.00|0.00|1323.00
3855|1302|28|8|579.00|0.00|4632.00
3856|1303|37|7|741.25|5.00|4929.31
3857|1304|13|12|309.25|0.00|3711.00
3858|1304|38|1|759.50|0.00|759.50
3859|1305|34|9|687.50|0.00|6187.50
3860|1305|19|3|417.75|15.00|1065.26
3861|1305|38|8|759.50|0.00|6076.00
3862|1305|24|7|507.00|15.00|3016.65
3863|1306|4|11|147.00|10.00|1455.30
3864|1306|38|10|759.50|15.00|6455.75
3865|1307|6|11|183.50|0.00|2018.50
3866|1307|39|6|777.75|0.00|4666.50
3867|1307|33|1|669.25|15.00|568.86
3868|1308|10|1|255.50|0.00|255.50
3869|1308|12|2|291.00|5.00|552.90
3870|1308|27|3|561.75|5.00|1600.99
3871|1308|15|8|345.75|0.00|2766.00
3872|1309|15|12|345.75|15.00|3526.65
3873|1310|38|6|759.50|0.00|4557.00
3874|1310|34|6|687.50|5.00|3918.75
3875|1310|18|7|399.50|0.00|2796.50
3876|1311|40|7|795.00|5.00|5286.75
3877|1311|40|2|795.00|10.00|1431.00
3878|1311|18|6|399.50|0.00|2397.00
3879|1311|32|11|651.00|5.00|6802.95
3880|1311|26|2|543.50|0.00|1087.00
3881|1312|35|9|705.75|0.00|6351.75
3882|1312|10|10|255.50|10.00|2299.50
3883|1312|37|8|741.25|5.00|5633.50
3884|1313|19|10|417.75|15.00|3550.88
3885|1313|29|3|597.25|0.00|1791.75
3886|1313|38|8|759.50|10.00|5468.40
3887|1313|20|1|435.00|10.00|391.50
3888|1314|32|6|651.00|0.00|3906.00
3889|1314|26|8|543.50|0.00|4348.00
3890|1314|31|10|633.75|5.00|6020.63
3891|1315|34|8|687.50|0.00|5500.00
3892|1315|32|3|651.00|0.00|1953.00
3893|1315|3|7|129.75|15.00|772.01
3894|1316|17|4|381.25|10.00|1372.50
3895|1317|36|7|723.00|0.00|5061.00
3896|1317|15|2|345.75|0.00|691.50
3897|1317|7|8|201.75|5.00|1533.30
3898|1317|7|3|201.75|15.00|514.46
3899|1318|31|7|633.75|5.00|4214.44
3900|1319|31|10|633.75|5.00|6020.63
3901|1319|10|6|255.50|0.00|1533.00
3902|1319|30|6|615.50|0.00|3693.00
3903|1319|15|1|345.75|5.00|328.46
3904|1319|34|6|687.50|0.00|4125.00
3905|1320|9|4|237.25|15.00|806.65
3906|1320|17|6|381.25|0.00|2287.50
3907|1321|40|11|795.00|10.00|7870.50
3908|1322|38|6|759.50|0.00|4557.00
3909|1322|11|9|273.75|0.00|2463.75
3910|1322|37|6|741.25|0.00|4447.50
3911|1322|37|10|741.25|0.00|7412.50
3912|1322|20|1|435.00|15.00|369.75
3913|1323|23|8|489.75|0.00|3918.00
3914|1323|20|1|435.00|0.00|435.00
3915|1324|39|1|777.75|15.00|661.09
3916|1324|6|12|183.50|0.00|2202.00
3917|1325|15|4|345.75|5.00|1313.85
3918|1325|32|6|651.00|15.00|3320.10
3919|1325|35|11|705.75|10.00|6986.93
3920|1325|9|7|237.25|10.00|1494.68
3921|1325|34|8|687.50|0.00|5500.00
3922|1326|36|10|723.00|0.00|7230.00
3923|1326|15|12|345.75|5.00|3941.55
3924|1326|25|10|525.25|0.00|5252.50
3925|1326|34|1|687.50|5.00|653.13
3926|1327|3|5|129.75|15.00|551.44
3927|1328|18|8|399.50|5.00|3036.20
3928|1328|23|3|489.75|15.00|1248.86
3929|1329|18|10|399.50|0.00|3995.00
3930|1329|2|5|111.50|10.00|501.75
3931|1329|4|5|147.00|0.00|735.00
3932|1329|12|11|291.00|5.00|3040.95
3933|1329|14|6|327.50|0.00|1965.00
3934|1330|14|8|327.50|0.00|2620.00
3935|1330|11|1|273.75|0.00|273.75
3936|1330|32|8|651.00|0.00|5208.00
3937|1330|3|12|129.75|10.00|1401.30
3938|1331|29|4|597.25|0.00|2389.00
3939|1331|1|2|93.25|10.00|167.85
3940|1331|18|12|399.50|0.00|4794.00
3941|1331|9|2|237.25|0.00|474.50
3942|1331|24|11|507.00|15.00|4740.45
3943|1332|35|8|705.75|5.00|5363.70
3944|1332|12|6|291.00|0.00|1746.00
3945|1332|2|6|111.50|15.00|568.65
3946|1332|31|5|633.75|15.00|2693.44
3947|1333|7|7|201.75|0.00|1412.25
3948|1334|26|11|543.50|10.00|5380.65
3949|1334|15|5|345.75|10.00|1555.88
3950|1334|11|8|273.75|15.00|1861.50
3951|1334|9|4|237.25|0.00|949.00
3952|1335|28|10|579.00|0.00|5790.00
3953|1335|21|4|453.25|5.00|1722.35
3954|1335|12|4|291.00|5.00|1105.80
3955|1336|30|2|615.50|0.00|1231.00
3956|1336|17|1|381.25|15.00|324.06
3957|1336|31|5|633.75|10.00|2851.88
3958|1336|16|11|363.00|0.00|3993.00
3959|1336|3|1|129.75|5.00|123.26
3960|1337|9|9|237.25|0.00|2135.25
3961|1338|4|11|147.00|15.00|1374.45
3962|1339|4|6|147.00|15.00|749.70
3963|1339|40|12|795.00|10.00|8586.00
3964|1339|29|9|597.25|10.00|4837.73
3965|1340|36|1|723.00|15.00|614.55
3966|1340|13|6|309.25|0.00|1855.50
3967|1341|25|12|525.25|0.00|6303.00
3968|1341|3|11|129.75|5.00|1355.89
3969|1341|13|9|309.25|0.00|2783.25
3970|1341|36|1|723.00|0.00|723.00
3971|1341|13|2|309.25|0.00|618.50
3972|1342|32|9|651.00|0.00|5859.00
3973|1342|38|12|759.50|0.00|9114.00
3974|1343|11|3|273.75|5.00|780.19
3975|1343|27|2|561.75|5.00|1067.33
3976|1343|27|10|561.75|5.00|5336.63
3977|1343|1|5|93.25|0.00|466.25
3978|1344|18|8|399.50|15.00|2716.60
3979|1345|22|10|471.50|0.00|4715.00
3980|1345|15|5|345.75|15.00|1469.44
3981|1345|17|12|381.25|0.00|4575.00
3982|1345|34|7|687.50|10.00|4331.25
3983|1346|26|4|543.50|15.00|1847.90
3984|1346|19|2|417.75|5.00|793.73
3985|1346|14|11|327.50|5.00|3422.38
3986|1346|12|11|291.00|0.00|3201.00
3987|1346|28|8|579.00|0.00|4632.00
3988|1347|21|10|453.25|0.00|4532.50
3989|1347|30|11|615.50|0.00|6770.50
3990|1347|28|4|579.00|15.00|1968.60
3991|1347|1|3|93.25|0.00|279.75
3992|1348|34|8|687.50|10.00|4950.00
3993|1348|24|6|507.00|10.00|2737.80
3994|1348|5|7|165.25|0.00|1156.75
3995|1348|16|12|363.00|5.00|4138.20
3996|1348|7|8|201.75|5.00|1533.30
3997|1349|19|6|417.75|0.00|2506.50
3998|1349|18|5|399.50|0.00|1997.50
3999|1349|4|9|147.00|0.00|1323.00
4000|1349|27|4|561.75|5.00|2134.65
4001|1349|30|5|615.50|10.00|2769.75
4002|1350|26|8|543.50|0.00|4348.00
4003|1350|9|1|237.25|0.00|237.25
4004|1351|10|5|255.50|10.00|1149.75
4005|1351|39|4|777.75|0.00|3111.00
4006|1351|4|10|147.00|5.00|1396.50
4007|1352|33|3|669.25|10.00|1806.98
4008|1352|40|5|795.00|15.00|3378.75
4009|1352|23|6|489.75|0.00|2938.50
4010|1352|1|8|93.25|5.00|708.70
4011|1352|17|7|381.25|0.00|2668.75
4012|1353|29|2|597.25|15.00|1015.33
4013|1353|10|1|255.50|0.00|255.50
4014|1353|25|11|525.25|5.00|5488.86
4015|1353|35|10|705.75|0.00|7057.50
4016|1353|12|5|291.00|0.00|1455.00
4017|1354|39|1|777.75|5.00|738.86
4018|1354|8|3|219.00|15.00|558.45
4019|1354|3|7|129.75|5.00|862.84
4020|1355|36|3|723.00|0.00|2169.00
4021|1355|37|2|741.25|15.00|1260.13
4022|1355|1|8|93.25|10.00|671.40
4023|1355|31|6|633.75|15.00|3232.13
4024|1355|37|4|741.25|5.00|2816.75
4025|1356|11|6|273.75|0.00|1642.50
4026|1356|30|8|615.50|0.00|4924.00
4027|1356|36|11|723.00|10.00|7157.70
4028|1356|24|6|507.00|0.00|3042.00
4029|1356|32|9|651.00|0.00|5859.00
4030|1357|29|12|597.25|10.00|6450.30
4031|1358|40|10|795.00|0.00|7950.00
4032|1359|12|2|291.00|10.00|523.80
4033|1359|35|4|705.75|15.00|2399.55
4034|1359|22|10|471.50|10.00|4243.50
4035|1360|36|12|723.00|10.00|7808.40
4036|1360|13|7|309.25|15.00|1840.04
4037|1360|9|9|237.25|10.00|1921.73
4038|1361|16|6|363.00|0.00|2178.00
4039|1361|24|2|507.00|0.00|1014.00
4040|1362|35|2|705.75|5.00|1340.93
4041|1362|24|3|507.00|0.00|1521.00
4042|1362|6|12|183.50|15.00|1871.70
4043|1362|32|11|651.00|0.00|7161.00
4044|1363|3|6|129.75|10.00|700.65
4045|1364|3|3|129.75|0.00|389.25
4046|1364|36|6|723.00|5.00|4121.10
4047|1365|22|11|471.50|0.00|5186.50
4048|1366|34|12|687.50|0.00|8250.00
4049|1366|11|4|273.75|0.00|1095.00
4050|1366|9|2|237.25|5.00|450.78
4051|1366|5|6|165.25|0.00|991.50
4052|1366|39|8|777.75|10.00|5599.80
4053|1367|38|6|759.50|0.00|4557.00
4054|1367|39|8|777.75|5.00|5910.90
4055|1368|26|1|543.50|0.00|543.50
4056|1368|10|1|255.50|15.00|217.18
4057|1368|18|3|399.50|0.00|1198.50
4058|1368|5|1|165.25|5.00|156.99
4059|1369|21|10|453.25|15.00|3852.63
4060|1369|10|7|255.50|15.00|1520.23
4061|1370|5|11|165.25|0.00|1817.75
4062|1371|20|11|435.00|15.00|4067.25
4063|1371|34|5|687.50|0.00|3437.50
4064|1371|33|9|669.25|5.00|5722.09
4065|1371|40|2|795.00|0.00|1590.00
4066|1372|34|2|687.50|0.00|1375.00
4067|1372|35|10|705.75|0.00|7057.50
4068|1373|4|2|147.00|0.00|294.00
4069|1373|15|1|345.75|10.00|311.18
4070|1373|11|8|273.75|15.00|1861.50
4071|1374|6|7|183.50|0.00|1284.50
4072|1374|11|8|273.75|15.00|1861.50
4073|1374|37|4|741.25|15.00|2520.25
4074|1374|32|7|651.00|10.00|4101.30
4075|1375|23|9|489.75|0.00|4407.75
4076|1375|32|1|651.00|10.00|585.90
4077|1376|10|12|255.50|0.00|3066.00
4078|1376|16|9|363.00|0.00|3267.00
4079|1376|2|11|111.50|5.00|1165.18
4080|1376|4|8|147.00|15.00|999.60
4081|1377|22|11|471.50|0.00|5186.50
4082|1378|8|7|219.00|0.00|1533.00
4083|1378|22|9|471.50|10.00|3819.15
4084|1378|7|11|201.75|5.00|2108.29
4085|1379|27|2|561.75|0.00|1123.50
4086|1379|6|12|183.50|0.00|2202.00
4087|1379|19|1|417.75|0.00|417.75
4088|1379|24|9|507.00|5.00|4334.85
4089|1380|25|6|525.25|0.00|3151.50
4090|1380|26|1|543.50|10.00|489.15
4091|1381|39|2|777.75|10.00|1399.95
4092|1381|27|7|561.75|15.00|3342.41
4093|1381|26|7|543.50|15.00|3233.83
4094|1381|25|1|525.25|15.00|446.46
4095|1382|15|3|345.75|10.00|933.53
4096|1382|14|4|327.50|0.00|1310.00
4097|1382|19|2|417.75|5.00|793.73
4098|1382|28|1|579.00|0.00|579.00
4099|1382|22|9|471.50|0.00|4243.50
4100|1383|7|7|201.75|0.00|1412.25
4101|1383|1|4|93.25|0.00|373.00
4102|1383|19|5|417.75|5.00|1984.31
4103|1384|8|8|219.00|5.00|1664.40
4104|1385|6|1|183.50|5.00|174.33
4105|1385|13|1|309.25|0.00|309.25
4106|1386|28|1|579.00|0.00|579.00
4107|1386|34|11|687.50|0.00|7562.50
4108|1386|10|6|255.50|15.00|1303.05
4109|1387|11|7|273.75|0.00|1916.25
4110|1387|39|3|777.75|15.00|1983.26
4111|1388|5|9|165.25|0.00|1487.25
4112|1388|31|3|633.75|5.00|1806.19
4113|1388|2|7|111.50|0.00|780.50
4114|1388|21|9|453.25|5.00|3875.29
4115|1388|39|8|777.75|0.00|6222.00
4116|1389|7|8|201.75|5.00|1533.30
4117|1389|14|8|327.50|15.00|2227.00
4118|1389|32|9|651.00|10.00|5273.10
4119|1389|37|2|741.25|0.00|1482.50
4120|1389|33|6|669.25|0.00|4015.50
4121|1390|21|6|453.25|0.00|2719.50
4122|1390|31|12|633.75|0.00|7605.00
4123|1391|10|3|255.50|0.00|766.50
4124|1391|11|4|273.75|5.00|1040.25
4125|1392|26|5|543.50|10.00|2445.75
4126|1392|37|3|741.25|0.00|2223.75
4127|1393|39|11|777.75|15.00|7271.96
4128|1393|8|2|219.00|5.00|416.10
4129|1393|7|8|201.75|0.00|1614.00
4130|1394|16|1|363.00|0.00|363.00
4131|1394|2|1|111.50|10.00|100.35
4132|1394|1|1|93.25|15.00|79.26
4133|1394|40|2|795.00|0.00|1590.00
4134|1395|12|7|291.00|0.00|2037.00
4135|1396|2|12|111.50|0.00|1338.00
4136|1396|27|12|561.75|0.00|6741.00
4137|1396|1|9|93.25|5.00|797.29
4138|1397|12|1|291.00|5.00|276.45
4139|1397|12|1|291.00|5.00|276.45
4140|1397|23|7|489.75|0.00|3428.25
4141|1397|4|10|147.00|10.00|1323.00
4142|1398|23|2|489.75|5.00|930.53
4143|1398|38|1|759.50|0.00|759.50
4144|1398|34|8|687.50|10.00|4950.00
4145|1398|15|5|345.75|0.00|1728.75
4146|1399|8|3|219.00|5.00|624.15
4147|1399|32|8|651.00|0.00|5208.00
4148|1399|4|4|147.00|0.00|588.00
4149|1399|14|4|327.50|5.00|1244.50
4150|1399|25|6|525.25|10.00|2836.35
4151|1400|20|3|435.00|15.00|1109.25
4152|1400|17|9|381.25|10.00|3088.13
4153|1401|24|3|507.00|15.00|1292.85
4154|1401|36|2|723.00|10.00|1301.40
4155|1401|23|8|489.75|0.00|3918.00
4156|1401|31|5|633.75|10.00|2851.88
4157|1402|19|11|417.75|10.00|4135.73
4158|1402|11|8|273.75|5.00|2080.50
4159|1402|8|1|219.00|0.00|219.00
4160|1402|39|10|777.75|5.00|7388.63
4161|1402|3|6|129.75|0.00|778.50
4162|1403|16|11|363.00|0.00|3993.00
4163|1404|30|6|615.50|10.00|3323.70
4164|1404|29|5|597.25|0.00|2986.25
4165|1404|34|10|687.50|15.00|5843.75
4166|1404|21|4|453.25|10.00|1631.70
4167|1404|36|7|723.00|0.00|5061.00
4168|1405|3|2|129.75|0.00|259.50
4169|1405|31|12|633.75|0.00|7605.00
4170|1405|28|10|579.00|10.00|5211.00
4171|1405|8|5|219.00|0.00|1095.00
4172|1405|12|7|291.00|0.00|2037.00
4173|1406|6|10|183.50|15.00|1559.75
4174|1406|2|10|111.50|10.00|1003.50
4175|1407|10|10|255.50|0.00|2555.00
4176|1408|12|3|291.00|0.00|873.00
4177|1408|7|12|201.75|5.00|2299.95
4178|1409|22|8|471.50|10.00|3394.80
4179|1409|39|7|777.75|0.00|5444.25
4180|1409|1|1|93.25|10.00|83.93
4181|1409|34|3|687.50|10.00|1856.25
4182|1410|23|10|489.75|5.00|4652.63
4183|1411|3|8|129.75|15.00|882.30
4184|1411|26|10|543.50|0.00|5435.00
4185|1411|33|6|669.25|10.00|3613.95
4186|1411|8|3|219.00|0.00|657.00
4187|1412|19|1|417.75|0.00|417.75
4188|1413|31|10|633.75|0.00|6337.50
4189|1414|2|5|111.50|10.00|501.75
4190|1415|6|11|183.50|10.00|1816.65
4191|1415|37|11|741.25|10.00|7338.38
4192|1415|20|12|435.00|0.00|5220.00
4193|1415|36|4|723.00|0.00|2892.00
4194|1416|10|11|255.50|5.00|2669.98
4195|1416|32|8|651.00|0.00|5208.00
4196|1416|14|10|327.50|15.00|2783.75
4197|1417|5|11|165.25|0.00|1817.75
4198|1417|23|5|489.75|0.00|2448.75
4199|1417|5|3|165.25|0.00|495.75
4200|1417|35|10|705.75|0.00|7057.50
4201|1417|20|5|435.00|0.00|2175.00
4202|1418|9|4|237.25|15.00|806.65
4203|1418|27|5|561.75|15.00|2387.44
4204|1418|8|11|219.00|0.00|2409.00
4205|1418|33|9|669.25|15.00|5119.76
4206|1418|39|5|777.75|10.00|3499.88
4207|1419|31|6|633.75|0.00|3802.50
4208|1419|9|9|237.25|0.00|2135.25
4209|1419|3|5|129.75|10.00|583.88
4210|1419|18|10|399.50|0.00|3995.00
4211|1419|8|2|219.00|15.00|372.30
4212|1420|35|2|705.75|0.00|1411.50
4213|1420|38|2|759.50|15.00|1291.15
4214|1420|14|6|327.50|0.00|1965.00
4215|1420|4|7|147.00|15.00|874.65
4216|1420|38|7|759.50|5.00|5050.68
4217|1421|10|1|255.50|15.00|217.18
4218|1422|35|3|705.75|0.00|2117.25
4219|1422|27|2|561.75|10.00|1011.15
4220|1423|40|6|795.00|15.00|4054.50
4221|1423|30|1|615.50|10.00|553.95
4222|1423|24|5|507.00|0.00|2535.00
4223|1424|24|5|507.00|15.00|2154.75
4224|1424|34|10|687.50|0.00|6875.00
4225|1425|14|1|327.50|0.00|327.50
4226|1425|15|5|345.75|10.00|1555.88
4227|1425|1|7|93.25|15.00|554.84
4228|1425|8|7|219.00|0.00|1533.00
4229|1425|5|2|165.25|0.00|330.50
4230|1426|17|9|381.25|0.00|3431.25
4231|1426|15|3|345.75|5.00|985.39
4232|1426|24|3|507.00|0.00|1521.00
4233|1426|14|1|327.50|10.00|294.75
4234|1427|22|1|471.50|0.00|471.50
4235|1427|33|3|669.25|15.00|1706.59
4236|1427|19|8|417.75|0.00|3342.00
4237|1427|5|7|165.25|15.00|983.24
4238|1427|21|3|453.25|5.00|1291.76
4239|1428|37|1|741.25|5.00|704.19
4240|1428|20|8|435.00|5.00|3306.00
4241|1429|1|9|93.25|5.00|797.29
4242|1429|36|12|723.00|0.00|8676.00
4243|1430|29|5|597.25|0.00|2986.25
4244|1431|22|12|471.50|15.00|4809.30
4245|1431|19|12|417.75|5.00|4762.35
4246|1431|3|11|129.75|15.00|1213.16
4247|1431|11|9|273.75|0.00|2463.75
4248|1432|35|10|705.75|0.00|7057.50
4249|1432|28|12|579.00|0.00|6948.00
4250|1432|20|12|435.00|0.00|5220.00
4251|1433|7|4|201.75|5.00|766.65
4252|1434|11|7|273.75|15.00|1628.81
4253|1434|39|6|777.75|15.00|3966.53
4254|1434|10|9|255.50|5.00|2184.53
4255|1435|24|6|507.00|0.00|3042.00
4256|1436|38|5|759.50|0.00|3797.50
4257|1436|22|8|471.50|15.00|3206.20
4258|1437|22|3|471.50|15.00|1202.33
4259|1437|10|6|255.50|15.00|1303.05
4260|1438|7|10|201.75|0.00|2017.50
4261|1438|20|8|435.00|0.00|3480.00
4262|1439|39|11|777.75|15.00|7271.96
4263|1439|28|10|579.00|0.00|5790.00
4264|1439|35|7|705.75|10.00|4446.23
4265|1440|12|11|291.00|10.00|2880.90
4266|1440|5|4|165.25|0.00|661.00
4267|1440|34|2|687.50|15.00|1168.75
4268|1440|8|3|219.00|15.00|558.45
4269|1441|5|9|165.25|0.00|1487.25
4270|1441|19|11|417.75|0.00|4595.25
4271|1442|5|3|165.25|0.00|495.75
4272|1442|25|4|525.25|10.00|1890.90
4273|1442|40|7|795.00|5.00|5286.75
4274|1443|35|12|705.75|5.00|8045.55
4275|1443|38|1|759.50|15.00|645.58
4276|1443|19|2|417.75|0.00|835.50
4277|1443|6|7|183.50|10.00|1156.05
4278|1443|7|1|201.75|0.00|201.75
4279|1444|20|4|435.00|15.00|1479.00
4280|1445|38|12|759.50|0.00|9114.00
4281|1446|14|2|327.50|10.00|589.50
4282|1446|22|7|471.50|0.00|3300.50
4283|1447|31|4|633.75|15.00|2154.75
4284|1447|32|9|651.00|0.00|5859.00
4285|1447|40|2|795.00|5.00|1510.50
4286|1447|19|2|417.75|0.00|835.50
4287|1447|9|5|237.25|5.00|1126.94
4288|1448|29|4|597.25|0.00|2389.00
4289|1448|3|7|129.75|0.00|908.25
4290|1448|23|4|489.75|5.00|1861.05
4291|1449|15|9|345.75|5.00|2956.16
4292|1449|28|4|579.00|5.00|2200.20
4293|1449|6|9|183.50|0.00|1651.50
4294|1450|22|11|471.50|5.00|4927.18
4295|1450|35|1|705.75|0.00|705.75
4296|1450|26|1|543.50|10.00|489.15
4297|1451|12|10|291.00|5.00|2764.50
4298|1451|40|11|795.00|5.00|8307.75
4299|1452|2|10|111.50|5.00|1059.25
4300|1453|20|9|435.00|5.00|3719.25
4301|1453|14|11|327.50|0.00|3602.50
4302|1453|20|9|435.00|0.00|3915.00
4303|1453|1|9|93.25|10.00|755.33
4304|1453|25|3|525.25|15.00|1339.39
4305|1454|32|12|651.00|5.00|7421.40
4306|1454|14|12|327.50|15.00|3340.50
4307|1454|10|11|255.50|0.00|2810.50
4308|1454|37|12|741.25|0.00|8895.00
4309|1455|28|8|579.00|5.00|4400.40
4310|1455|7|8|201.75|0.00|1614.00
4311|1455|15|10|345.75|10.00|3111.75
4312|1456|20|4|435.00|15.00|1479.00
4313|1456|6|2|183.50|5.00|348.65
4314|1456|11|9|273.75|0.00|2463.75
4315|1457|8|2|219.00|0.00|438.00
4316|1457|30|1|615.50|15.00|523.18
4317|1457|22|10|471.50|10.00|4243.50
4318|1458|36|12|723.00|0.00|8676.00
4319|1458|23|11|489.75|5.00|5117.89
4320|1459|28|4|579.00|0.00|2316.00
4321|1460|19|3|417.75|15.00|1065.26
4322|1460|26|11|543.50|5.00|5679.58
4323|1460|2|2|111.50|0.00|223.00
4324|1461|11|4|273.75|0.00|1095.00
4325|1461|31|9|633.75|15.00|4848.19
4326|1462|12|3|291.00|15.00|742.05
4327|1462|32|6|651.00|15.00|3320.10
4328|1462|7|11|201.75|0.00|2219.25
4329|1462|39|11|777.75|0.00|8555.25
4330|1463|22|9|471.50|15.00|3606.98
4331|1463|15|8|345.75|5.00|2627.70
4332|1463|15|11|345.75|0.00|3803.25
4333|1463|37|2|741.25|15.00|1260.13
4334|1463|1|8|93.25|0.00|746.00
4335|1464|4|10|147.00|0.00|1470.00
4336|1464|28|1|579.00|10.00|521.10
4337|1464|31|11|633.75|5.00|6622.69
4338|1464|20|2|435.00|15.00|739.50
4339|1465|6|1|183.50|15.00|155.98
4340|1465|37|8|741.25|5.00|5633.50
4341|1465|27|11|561.75|0.00|6179.25
4342|1465|11|7|273.75|10.00|1724.63
4343|1465|27|2|561.75|10.00|1011.15
4344|1466|11|10|273.75|5.00|2600.63
4345|1466|20|9|435.00|15.00|3327.75
4346|1466|25|12|525.25|5.00|5987.85
4347|1467|37|7|741.25|15.00|4410.44
4348|1467|21|8|453.25|0.00|3626.00
4349|1468|20|6|435.00|10.00|2349.00
4350|1468|23|2|489.75|0.00|979.50
4351|1468|5|7|165.25|0.00|1156.75
4352|1468|38|1|759.50|5.00|721.53
4353|1469|40|8|795.00|0.00|6360.00
4354|1469|17|11|381.25|0.00|4193.75
4355|1469|20|4|435.00|0.00|1740.00
4356|1469|33|8|669.25|0.00|5354.00
4357|1470|35|7|705.75|10.00|4446.23
4358|1470|5|4|165.25|0.00|661.00
4359|1470|40|9|795.00|5.00|6797.25
4360|1470|3|5|129.75|10.00|583.88
4361|1471|40|10|795.00|5.00|7552.50
4362|1471|22|2|471.50|0.00|943.00
4363|1471|26|9|543.50|5.00|4646.93
4364|1471|2|3|111.50|15.00|284.33
4365|1472|16|5|363.00|0.00|1815.00
4366|1472|2|5|111.50|0.00|557.50
4367|1473|1|1|93.25|15.00|79.26
4368|1473|39|12|777.75|5.00|8866.35
4369|1473|12|5|291.00|5.00|1382.25
4370|1474|37|9|741.25|10.00|6004.13
4371|1475|26|4|543.50|5.00|2065.30
4372|1475|1|4|93.25|15.00|317.05
4373|1476|24|6|507.00|0.00|3042.00
4374|1477|39|7|777.75|10.00|4899.83
4375|1477|21|4|453.25|0.00|1813.00
4376|1477|38|2|759.50|15.00|1291.15
4377|1477|1|1|93.25|0.00|93.25
4378|1478|31|11|633.75|0.00|6971.25
4379|1478|39|11|777.75|0.00|8555.25
4380|1478|20|2|435.00|10.00|783.00
4381|1478|7|2|201.75|10.00|363.15
4382|1478|31|2|633.75|10.00|1140.75
4383|1479|27|4|561.75|15.00|1909.95
4384|1479|38|11|759.50|0.00|8354.50
4385|1479|18|7|399.50|10.00|2516.85
4386|1480|4|7|147.00|10.00|926.10
4387|1480|9|7|237.25|15.00|1411.64
4388|1480|32|2|651.00|0.00|1302.00
4389|1480|36|11|723.00|0.00|7953.00
4390|1481|28|3|579.00|0.00|1737.00
4391|1481|6|2|183.50|0.00|367.00
4392|1482|39|11|777.75|5.00|8127.49
4393|1482|6|7|183.50|5.00|1220.28
4394|1482|11|6|273.75|15.00|1396.13
4395|1483|26|5|543.50|10.00|2445.75
4396|1484|35|1|705.75|0.00|705.75
4397|1484|36|3|723.00|0.00|2169.00
4398|1484|38|12|759.50|0.00|9114.00
4399|1485|15|8|345.75|5.00|2627.70
4400|1486|18|2|399.50|0.00|799.00
4401|1486|23|4|489.75|15.00|1665.15
4402|1486|37|6|741.25|0.00|4447.50
4403|1486|34|10|687.50|10.00|6187.50
4404|1486|35|6|705.75|15.00|3599.33
4405|1487|34|3|687.50|5.00|1959.38
4406|1488|34|7|687.50|0.00|4812.50
4407|1488|22|11|471.50|15.00|4408.53
4408|1489|34|1|687.50|5.00|653.13
4409|1490|5|9|165.25|15.00|1264.16
4410|1490|21|8|453.25|0.00|3626.00
4411|1490|27|6|561.75|0.00|3370.50
4412|1490|27|11|561.75|0.00|6179.25
4413|1491|17|7|381.25|15.00|2268.44
4414|1491|10|9|255.50|5.00|2184.53
4415|1492|16|12|363.00|0.00|4356.00
4416|1493|37|5|741.25|0.00|3706.25
4417|1494|30|2|615.50|0.00|1231.00
4418|1494|32|10|651.00|10.00|5859.00
4419|1494|40|9|795.00|5.00|6797.25
4420|1494|35|5|705.75|15.00|2999.44
4421|1494|21|12|453.25|10.00|4895.10
4422|1495|14|2|327.50|10.00|589.50
4423|1495|9|4|237.25|10.00|854.10
4424|1495|23|4|489.75|5.00|1861.05
4425|1495|13|7|309.25|5.00|2056.51
4426|1495|2|5|111.50|5.00|529.63
4427|1496|33|10|669.25|0.00|6692.50
4428|1496|7|8|201.75|0.00|1614.00
4429|1496|11|5|273.75|0.00|1368.75
4430|1496|8|10|219.00|5.00|2080.50
4431|1496|38|5|759.50|0.00|3797.50
4432|1497|24|7|507.00|10.00|3194.10
4433|1498|37|1|741.25|0.00|741.25
4434|1498|35|12|705.75|0.00|8469.00
4435|1499|7|1|201.75|10.00|181.58
4436|1499|31|9|633.75|0.00|5703.75
4437|1499|26|3|543.50|15.00|1385.93
4438|1499|14|6|327.50|10.00|1768.50
4439|1500|24|8|507.00|10.00|3650.40
4440|1500|18|12|399.50|0.00|4794.00
